Accident_Index,Location_Easting_OSGR,Location_Northing_OSGR,Longitude,Latitude,Police_Force,Accident_Severity,Number_of_Vehicles,Number_of_Casualties,Date,Day_of_Week,Time,Local_Authority_District,Local_Authority_Highway,_1st_Road_Class,_1st_Road_Number,Road_Type,Speed_limit,Junction_Detail,Junction_Control,_2nd_Road_Class,_2nd_Road_Number,Pedestrian_Crossing_Human_Control,Pedestrian_Crossing_Physical_Facilities,Light_Conditions,Weather_Conditions,Road_Surface_Conditions,Special_Conditions_at_Site,Carriageway_Hazards,Urban_or_Rural_Area,Did_Police_Officer_Attend_Scene_of_Accident,LSOA_of_Accident_Location,Vehicle_Reference,Vehicle_Type,Towing_and_Articulation,Vehicle_Manoeuvre,Vehicle_Location_Restricted_Lane,Junction_Location,Skidding_and_Overturning,Hit_Object_in_Carriageway,Vehicle_Leaving_Carriageway,Hit_Object_off_Carriageway,_1st_Point_of_Impact,Was_Vehicle_Left_Hand_Drive,Journey_Purpose_of_Driver,Sex_of_Driver,Age_Band_of_Driver,Engine_Capacity_CC,Propulsion_Code,Age_of_Vehicle,Driver_IMD_Decile,Driver_Home_Area_Type,make,model,Casualty_Reference,Casualty_Class,Sex_of_Casualty,Age_Band_of_Casualty,Casualty_Severity,Pedestrian_Location,Pedestrian_Movement,Car_Passenger,Bus_or_Coach_Passenger,Pedestrian_Road_Maintenance_Worker,Casualty_Type,Casualty_Home_Area_Type
2010130555070,430140,437560,-1.543510,53.833427,13,2,2,1,31/12/2010,6,00:01,204,E08000035,3,61,3,40,3,2,6,0,0,0,7,1,2,0,0,1,1,E01011506,1,21,4,18,0,1,0,0,0,0,2,1,1,1,8,11967,2,1,10,1,MERCEDES            ,                           ,,,,,,,,,,,,
2010130555070,430140,437560,-1.543510,53.833427,13,2,2,1,31/12/2010,6,00:01,204,E08000035,3,61,3,40,3,2,6,0,0,0,7,1,2,0,0,1,1,E01011506,2,9,0,18,0,1,0,0,0,0,1,1,15,1,8,1910,2,3,9,1,VAUXHALL            ,VECTRA EXCLUSIV CDTI 120   ,1,2,2,11,2,0,0,1,0,-1,9,1
201001JC39031,538150,189080,-0.007419,51.583599,1,3,2,2,31/12/2010,6,00:10,13,E09000031,5,0,6,30,3,4,6,0,0,1,4,1,1,0,0,1,1,E01004466,1,9,0,18,0,8,0,0,0,0,1,1,15,1,7,1905,2,13,2,1,,,1,1,1,7,3,0,0,0,0,-1,9,1
201001JC39031,538150,189080,-0.007419,51.583599,1,3,2,2,31/12/2010,6,00:10,13,E09000031,5,0,6,30,3,4,6,0,0,1,4,1,1,0,0,1,1,E01004466,2,8,0,9,0,8,0,0,0,0,3,1,1,2,9,1998,1,10,2,1,MERCEDES            ,C200 KOMP.CLASSIC AUTO     ,2,1,2,9,3,0,0,0,0,-1,8,1
201005BB07469,332560,402630,-3.018560,53.515994,5,3,2,2,31/12/2010,6,00:35,93,E08000014,3,565,6,40,0,-1,-1,0,0,0,4,1,2,0,0,2,1,E01007076,1,9,0,17,0,0,0,0,0,0,0,1,15,3,-1,-1,-1,-1,-1,-1,,,,,,,,,,,,,,
201005BB07469,332560,402630,-3.018560,53.515994,5,3,2,2,31/12/2010,6,00:35,93,E08000014,3,565,6,40,0,-1,-1,0,0,0,4,1,2,0,0,2,1,E01007076,2,9,0,16,0,0,1,0,0,1,1,1,15,1,6,1968,2,6,2,1,,,1,1,1,6,3,0,0,0,0,-1,9,1
201005BB07469,332560,402630,-3.018560,53.515994,5,3,2,2,31/12/2010,6,00:35,93,E08000014,3,565,6,40,0,-1,-1,0,0,0,4,1,2,0,0,2,1,E01007076,2,9,0,16,0,0,1,0,0,1,1,1,15,1,6,1968,2,6,2,1,,,2,2,1,6,3,0,0,1,0,-1,9,1
201014A211610,456690,401730,-1.146654,53.509198,14,3,2,1,31/12/2010,6,00:40,211,E08000017,3,630,3,40,3,4,6,0,0,0,4,1,1,0,0,1,1,E01007534,1,9,0,2,0,2,0,0,0,0,2,1,15,1,-1,2497,2,4,7,1,,,1,1,1,-1,3,0,0,0,0,-1,9,1
201014A211610,456690,401730,-1.146654,53.509198,14,3,2,1,31/12/2010,6,00:40,211,E08000017,3,630,3,40,3,4,6,0,0,0,4,1,1,0,0,1,1,E01007534,2,8,0,18,0,2,0,0,0,0,1,1,1,1,7,1762,1,11,1,1,,,,,,,,,,,,,,
201054EZ45910,397520,163380,-2.037031,51.369422,54,1,1,5,31/12/2010,6,01:04,635,E06000054,3,342,6,60,0,0,-1,0,0,0,6,1,2,0,0,2,1,E01031846,1,9,0,17,0,0,0,0,1,4,4,1,15,1,4,1149,1,-1,10,1,RENAULT             ,CLIO EXTREME               ,1,1,1,4,3,0,0,0,0,-1,9,1
201054EZ45910,397520,163380,-2.037031,51.369422,54,1,1,5,31/12/2010,6,01:04,635,E06000054,3,342,6,60,0,0,-1,0,0,0,6,1,2,0,0,2,1,E01031846,1,9,0,17,0,0,0,0,1,4,4,1,15,1,4,1149,1,-1,10,1,RENAULT             ,CLIO EXTREME               ,2,2,1,4,1,0,0,2,0,-1,9,1
201054EZ45910,397520,163380,-2.037031,51.369422,54,1,1,5,31/12/2010,6,01:04,635,E06000054,3,342,6,60,0,0,-1,0,0,0,6,1,2,0,0,2,1,E01031846,1,9,0,17,0,0,0,0,1,4,4,1,15,1,4,1149,1,-1,10,1,RENAULT             ,CLIO EXTREME               ,3,2,1,4,1,0,0,2,0,-1,9,1
201054EZ45910,397520,163380,-2.037031,51.369422,54,1,1,5,31/12/2010,6,01:04,635,E06000054,3,342,6,60,0,0,-1,0,0,0,6,1,2,0,0,2,1,E01031846,1,9,0,17,0,0,0,0,1,4,4,1,15,1,4,1149,1,-1,10,1,RENAULT             ,CLIO EXTREME               ,4,2,1,4,1,0,0,1,0,-1,9,1
201054EZ45910,397520,163380,-2.037031,51.369422,54,1,1,5,31/12/2010,6,01:04,635,E06000054,3,342,6,60,0,0,-1,0,0,0,6,1,2,0,0,2,1,E01031846,1,9,0,17,0,0,0,0,1,4,4,1,15,1,4,1149,1,-1,10,1,RENAULT             ,CLIO EXTREME               ,5,2,1,4,2,0,0,2,0,-1,9,1
2010440542978,431460,95710,-1.555343,50.760069,44,3,1,1,31/12/2010,6,01:05,496,E10000014,6,0,6,30,0,-1,-1,0,0,0,4,1,1,0,0,1,2,E01023001,1,9,0,18,0,0,0,0,0,0,3,1,15,1,4,1124,1,13,9,1,CITROEN             ,SAXO SX                    ,1,3,1,6,3,9,5,0,0,-1,0,1
201001FH10677,523310,179960,-0.224688,51.505075,1,3,2,1,31/12/2010,6,01:30,11,E09000013,3,219,6,30,6,2,3,4020,0,5,4,1,1,0,0,1,1,E01001943,1,9,0,18,0,8,0,0,0,0,4,1,15,1,7,2996,2,1,6,1,BMW                 ,330D M SPORT TOURING AUTO  ,,,,,,,,,,,,
201001FH10677,523310,179960,-0.224688,51.505075,1,3,2,1,31/12/2010,6,01:30,11,E09000013,3,219,6,30,6,2,3,4020,0,5,4,1,1,0,0,1,1,E01001943,2,9,0,18,0,8,0,0,0,0,1,1,15,2,5,1910,2,1,8,1,VAUXHALL            ,ZAFIRA EXCLUSIV CDTI AUTO  ,1,1,2,5,3,0,0,0,0,-1,9,1
2010471100016,544350,101330,0.046762,50.793499,47,3,1,1,31/12/2010,6,04:30,554,E10000011,3,259,2,30,5,1,3,259,2,4,4,1,1,0,0,1,1,E01021049,1,9,0,16,0,7,0,0,3,1,1,1,15,2,10,1398,2,7,4,1,PEUGEOT             ,206 SE TD                  ,1,1,2,10,3,0,0,0,0,-1,9,1
2010130554995,450700,414300,-1.234931,53.622784,13,3,3,2,31/12/2010,6,05:11,206,E08000036,3,1,3,70,0,-1,-1,0,0,0,4,1,2,0,0,2,1,E01011856,1,9,0,13,0,0,0,0,0,0,0,1,2,1,7,-1,-1,-1,3,1,MERCEDES            ,                           ,1,1,1,7,3,0,0,0,0,-1,9,1
2010130554995,450700,414300,-1.234931,53.622784,13,3,3,2,31/12/2010,6,05:11,206,E08000036,3,1,3,70,0,-1,-1,0,0,0,4,1,2,0,0,2,1,E01011856,2,9,0,13,0,0,0,0,6,0,1,1,2,2,6,1229,1,4,7,1,VAUXHALL            ,CORSA CLUB                 ,2,1,2,6,3,0,0,0,0,-1,9,1
2010130554995,450700,414300,-1.234931,53.622784,13,3,3,2,31/12/2010,6,05:11,206,E08000036,3,1,3,70,0,-1,-1,0,0,0,4,1,2,0,0,2,1,E01011856,3,21,0,18,0,0,2,0,6,0,3,1,1,1,6,-1,-1,-1,7,1,SEAT                ,IBIZA SX                   ,,,,,,,,,,,,
2010921005235,400130,853360,-1.999461,57.570388,92,3,1,1,31/12/2010,6,05:15,911,S12000034,3,952,6,60,0,-1,-1,0,0,0,6,1,4,0,0,2,1,,1,90,0,18,0,0,1,0,1,0,1,1,1,1,8,-1,-1,-1,-1,1,PEUGEOT             ,PARTNER 850 S HDI 90       ,1,1,1,8,3,0,0,0,0,-1,90,1
201050BN2E023,241510,70900,-4.236976,50.516309,50,3,4,2,31/12/2010,6,06:08,596,E06000052,3,390,6,30,9,4,6,0,0,0,4,1,1,0,0,2,1,E01018753,1,9,0,18,0,1,1,0,1,0,1,1,2,1,5,1868,2,12,5,1,,,1,1,1,5,3,0,0,0,0,-1,9,1
201050BN2E023,241510,70900,-4.236976,50.516309,50,3,4,2,31/12/2010,6,06:08,596,E06000052,3,390,6,30,9,4,6,0,0,0,4,1,1,0,0,2,1,E01018753,1,9,0,18,0,1,1,0,1,0,1,1,2,1,5,1868,2,12,5,1,,,2,2,1,5,3,0,0,1,0,-1,9,2
201050BN2E023,241510,70900,-4.236976,50.516309,50,3,4,2,31/12/2010,6,06:08,596,E06000052,3,390,6,30,9,4,6,0,0,0,4,1,1,0,0,2,1,E01018753,2,19,0,18,0,2,0,0,0,0,0,1,15,1,8,2459,2,10,4,3,VOLKSWAGEN          ,1200 TDI SWB               ,,,,,,,,,,,,
201050BN2E023,241510,70900,-4.236976,50.516309,50,3,4,2,31/12/2010,6,06:08,596,E06000052,3,390,6,30,9,4,6,0,0,0,4,1,1,0,0,2,1,E01018753,3,9,0,18,0,2,0,0,0,0,0,1,15,1,8,2495,2,12,4,3,LAND ROVER          ,DISCOVERY TD5 GS           ,,,,,,,,,,,,
201050BN2E023,241510,70900,-4.236976,50.516309,50,3,4,2,31/12/2010,6,06:08,596,E06000052,3,390,6,30,9,4,6,0,0,0,4,1,1,0,0,2,1,E01018753,4,9,0,18,0,2,0,0,0,0,0,1,15,1,6,1988,1,14,4,3,,,,,,,,,,,,,,
201001ID60060,504600,176160,-0.495288,51.474688,1,3,2,1,31/12/2010,6,06:30,57,EHEATHROW,6,0,1,30,1,4,6,0,0,0,4,1,1,0,0,2,1,E01002444,1,2,0,17,0,8,0,0,0,0,2,1,15,2,6,49,1,-1,4,1,YAMAHA              ,YN 50 F NEOS               ,1,1,2,6,3,0,0,0,0,-1,2,1
201001ID60060,504600,176160,-0.495288,51.474688,1,3,2,1,31/12/2010,6,06:30,57,EHEATHROW,6,0,1,30,1,4,6,0,0,0,4,1,1,0,0,2,1,E01002444,2,8,0,17,0,8,0,0,0,0,1,1,15,1,8,2499,2,4,7,1,LONDON TAXIS INT    ,TX4 BRONZE AUTO            ,,,,,,,,,,,,
201043R218120,495180,179460,-0.629993,51.506014,43,3,3,1,31/12/2010,6,06:30,473,E06000039,1,4,3,70,0,-1,-1,0,0,0,4,1,2,0,0,2,1,E01016477,1,21,0,18,0,0,0,7,0,0,2,1,1,1,-1,11705,2,3,-1,-1,SCANIA              ,                           ,,,,,,,,,,,,
201043R218120,495180,179460,-0.629993,51.506014,43,3,3,1,31/12/2010,6,06:30,473,E06000039,1,4,3,70,0,-1,-1,0,0,0,4,1,2,0,0,2,1,E01016477,2,9,0,18,0,0,0,7,0,6,1,1,1,2,5,-1,-1,-1,9,3,,,1,1,2,5,3,0,0,0,0,-1,9,3
201043R218120,495180,179460,-0.629993,51.506014,43,3,3,1,31/12/2010,6,06:30,473,E06000039,1,4,3,70,0,-1,-1,0,0,0,4,1,2,0,0,2,1,E01016477,3,9,0,18,0,0,0,0,0,0,1,1,15,1,-1,1997,1,1,-1,-1,CITROEN             ,C5 EXCLUSIVE AUTO          ,,,,,,,,,,,,
201001MM71126,534620,173100,-0.064435,51.440849,1,3,2,1,31/12/2010,6,06:38,7,E09000023,3,205,6,30,0,-1,-1,0,0,0,4,1,2,0,0,1,1,E01003945,1,9,0,18,2,0,0,10,1,1,4,1,2,1,8,1242,1,12,3,1,FIAT                ,PUNTO SX 60                ,1,1,1,8,3,0,0,0,0,-1,9,1
201001MM71126,534620,173100,-0.064435,51.440849,1,3,2,1,31/12/2010,6,06:38,7,E09000023,3,205,6,30,0,-1,-1,0,0,0,4,1,2,0,0,1,1,E01003945,2,20,0,13,0,0,0,0,0,0,0,1,15,3,-1,-1,-1,-1,-1,-1,,,,,,,,,,,,,,
2010160B04841,492240,408450,-0.608762,53.564556,16,2,2,2,31/12/2010,6,07:05,232,E06000013,3,18,3,70,0,-1,-1,0,0,0,4,7,2,0,0,2,1,E01013240,1,9,0,18,0,0,5,0,0,0,1,1,15,1,11,1108,1,8,6,2,,,1,1,1,11,2,0,0,0,0,-1,9,2
2010160B04841,492240,408450,-0.608762,53.564556,16,2,2,2,31/12/2010,6,07:05,232,E06000013,3,18,3,70,0,-1,-1,0,0,0,4,7,2,0,0,2,1,E01013240,2,9,0,18,0,0,0,0,0,0,2,1,15,1,8,2979,1,8,10,2,,,2,1,1,8,3,0,0,0,0,-1,9,2
2010100846610,439340,552160,-1.388626,54.862703,10,3,1,1,31/12/2010,6,07:40,150,E08000024,5,517,6,60,6,4,6,5064,0,0,6,1,2,0,0,2,1,E01008765,1,9,0,18,0,8,1,0,0,10,4,1,2,1,6,1124,1,9,3,1,PEUGEOT             ,106 INDEPENDENCE           ,1,1,1,6,3,0,0,0,0,-1,9,1
201032D401710,512580,401460,-0.304298,53.497788,32,2,2,2,31/12/2010,6,07:45,356,E10000019,3,46,6,60,7,4,3,1173,0,0,1,7,2,0,0,2,1,E01026367,1,19,0,9,0,1,0,0,0,0,4,1,1,1,8,4250,2,8,7,1,MERCEDES            ,                           ,,,,,,,,,,,,
201032D401710,512580,401460,-0.304298,53.497788,32,2,2,2,31/12/2010,6,07:45,356,E10000019,3,46,6,60,7,4,3,1173,0,0,1,7,2,0,0,2,1,E01026367,2,9,0,18,0,1,0,0,0,0,1,1,1,1,7,1796,1,10,6,1,ROVER               ,75 CLUB SE                 ,1,1,1,7,2,0,0,0,0,-1,9,1
201032D401710,512580,401460,-0.304298,53.497788,32,2,2,2,31/12/2010,6,07:45,356,E10000019,3,46,6,60,7,4,3,1173,0,0,1,7,2,0,0,2,1,E01026367,2,9,0,18,0,1,0,0,0,0,1,1,1,1,7,1796,1,10,6,1,ROVER               ,75 CLUB SE                 ,2,2,1,5,3,0,0,1,0,-1,9,1
2010961002665,280200,683650,-3.924077,56.030763,96,3,1,1,31/12/2010,6,08:00,924,S12000014,1,80,3,70,0,-1,-1,0,0,0,6,8,4,0,0,1,1,,1,9,0,13,0,0,2,0,1,10,1,1,2,2,8,1061,1,7,-1,-1,SUZUKI              ,ALTO GL                    ,1,1,2,8,3,0,0,0,0,-1,9,-1
201042I426312,613970,222450,1.105997,51.859541,42,2,1,1,31/12/2010,6,08:10,461,E10000012,4,1033,3,40,0,0,-1,0,0,0,1,1,1,0,0,2,1,E01022018,1,9,0,18,0,0,0,0,0,0,1,1,15,2,9,1598,1,5,8,2,RENAULT             ,SCENIC EXPRESSION VVT A    ,1,3,1,6,2,5,1,0,0,-1,0,-1
2010400D00007,506270,219470,-0.458089,51.863655,40,3,2,1,31/12/2010,6,08:35,424,E06000056,6,0,6,30,3,4,6,0,0,0,4,1,1,0,0,2,2,E01017563,1,9,0,9,0,6,0,0,0,0,1,1,15,2,8,1968,2,1,7,1,MITSUBISHI          ,OUTLANDER WARRIOR DI-D     ,,,,,,,,,,,,
2010400D00007,506270,219470,-0.458089,51.863655,40,3,2,1,31/12/2010,6,08:35,424,E06000056,6,0,6,30,3,4,6,0,0,0,4,1,1,0,0,2,2,E01017563,2,2,0,18,0,1,0,0,0,0,3,1,15,1,4,49,1,6,3,1,,,1,1,1,4,3,0,0,0,0,-1,2,1
2010961002666,281970,687940,-3.897581,56.069727,96,2,1,1,31/12/2010,6,09:10,939,S12000030,1,9,3,70,0,-1,-1,0,0,0,1,1,4,0,0,2,1,,1,9,0,18,0,0,1,0,1,4,4,1,2,2,4,1248,1,1,-1,1,HYUNDAI             ,I10 COMFORT                ,1,1,2,4,2,0,0,0,0,-1,9,1
201001JC30688,539300,192830,0.010656,51.617013,1,3,2,1,31/12/2010,6,09:30,13,E09000031,3,1009,6,30,3,4,6,0,0,0,1,1,1,0,0,2,2,E01004386,1,8,0,9,0,1,0,0,0,0,1,1,1,1,5,1388,1,-1,5,1,FORD                ,FIESTA TITANIUM AUTO       ,1,1,1,5,3,0,0,0,0,-1,8,1
201001JC30688,539300,192830,0.010656,51.617013,1,3,2,1,31/12/2010,6,09:30,13,E09000031,3,1009,6,30,3,4,6,0,0,0,1,1,1,0,0,2,2,E01004386,2,9,0,18,0,5,0,0,0,0,1,1,15,3,-1,-1,-1,-1,-1,-1,,,,,,,,,,,,,,
2010921100019,391320,804820,-2.145017,57.134275,92,3,1,1,31/12/2010,6,09:30,910,S12000033,6,0,6,30,8,4,6,0,0,1,1,1,2,0,0,1,2,,1,9,0,1,0,6,0,0,0,0,3,1,15,1,10,1598,1,-1,-1,1,VAUXHALL            ,ASTRA SE                   ,1,3,2,11,3,4,2,0,0,-1,0,1
2010440543210,455090,106410,-1.218738,50.854524,44,3,1,1,31/12/2010,6,09:35,492,E10000014,6,0,6,30,3,4,6,0,0,0,1,1,1,0,0,1,1,E01022742,1,9,0,18,0,1,0,0,0,0,1,1,15,1,11,1360,1,7,7,1,,,1,3,1,10,3,5,1,0,0,-1,0,1
2010930000195,313610,710770,-3.396950,56.281550,93,3,2,1,31/12/2010,6,09:40,934,S12000024,1,90,3,70,0,-1,-1,0,0,0,1,1,2,0,0,2,1,,1,9,0,13,0,0,0,0,1,7,1,1,1,2,6,1398,2,6,-1,1,PEUGEOT             ,206 SW S HDI               ,1,1,2,6,3,0,0,0,0,-1,9,1
2010930000195,313610,710770,-3.396950,56.281550,93,3,2,1,31/12/2010,6,09:40,934,S12000024,1,90,3,70,0,-1,-1,0,0,0,1,1,2,0,0,2,1,,2,19,0,18,0,0,0,0,0,0,1,1,1,1,8,2148,2,5,-1,1,MERCEDES            ,SPRINTER 311 CDI MWB       ,,,,,,,,,,,,
201042I430212,559190,179510,0.291693,51.492072,42,3,2,1,31/12/2010,6,09:45,462,E06000034,3,1306,6,40,0,0,-1,0,0,0,1,8,2,0,0,1,1,E01015982,1,9,0,9,8,0,0,0,0,0,3,1,15,1,11,1596,1,-1,10,1,FORD                ,FOCUS STYLE 100 AUTO       ,,,,,,,,,,,,
201042I430212,559190,179510,0.291693,51.492072,42,3,2,1,31/12/2010,6,09:45,462,E06000034,3,1306,6,40,0,0,-1,0,0,0,1,8,2,0,0,1,1,E01015982,2,9,0,18,0,0,0,0,0,0,1,1,15,2,5,1596,1,1,9,1,FORD                ,FOCUS ZETEC 100            ,1,1,2,5,3,0,0,0,0,-1,9,1
2010620205907,304760,199070,-3.379017,51.682244,62,3,1,1,31/12/2010,6,10:00,744,W06000016,4,4275,6,30,9,4,6,0,0,0,1,1,1,0,0,1,1,W01001208,1,9,0,5,0,2,0,0,0,0,4,1,15,2,6,1796,1,11,-1,-1,,,1,3,2,-1,3,5,1,0,0,-1,0,-1
201001WW51030,528930,170550,-0.147185,51.419254,1,3,2,1,31/12/2010,6,10:13,10,E09000032,3,216,6,30,3,4,5,0,0,4,1,1,1,0,0,1,2,E01004522,1,9,0,3,0,2,0,0,0,0,2,1,1,1,7,1587,1,4,5,1,CITROEN             ,C4 SX AUTO                 ,1,1,1,7,3,0,0,0,0,-1,9,1
201001WW51030,528930,170550,-0.147185,51.419254,1,3,2,1,31/12/2010,6,10:13,10,E09000032,3,216,6,30,3,4,5,0,0,4,1,1,1,0,0,1,2,E01004522,2,9,0,4,0,2,0,0,0,0,1,1,15,1,-1,-1,-1,-1,-1,-1,,,,,,,,,,,,,,
2010930000197,327920,745430,-3.175445,56.595269,93,3,1,1,31/12/2010,6,10:15,934,S12000024,4,954,6,60,0,-1,-1,0,0,0,1,1,4,0,0,2,1,,1,9,0,18,0,0,1,6,0,0,1,1,15,1,8,1988,2,6,-1,3,JAGUAR              ,X-TYPE SPORT D             ,1,1,1,8,3,0,0,0,0,-1,9,3
201032D405710,497680,369890,-0.538572,53.217080,32,3,2,1,31/12/2010,6,10:30,352,E10000019,3,15,6,30,0,-1,-1,0,0,4,1,1,1,0,0,1,2,E01026178,1,9,0,4,0,0,0,0,0,0,1,1,15,1,7,1597,1,13,7,1,,,,,,,,,,,,,,
201032D405710,497680,369890,-0.538572,53.217080,32,3,2,1,31/12/2010,6,10:30,352,E10000019,3,15,6,30,0,-1,-1,0,0,4,1,1,1,0,0,1,2,E01026178,2,9,0,4,0,0,0,0,0,0,2,1,15,2,6,-1,-1,-1,9,3,,,1,1,2,6,3,0,0,0,0,-1,9,3
201097AB04212,259140,665230,-4.252145,55.859658,97,2,1,1,31/12/2010,6,10:30,926,S12000043,6,0,2,30,0,-1,-1,0,0,5,1,1,2,0,0,1,1,,1,9,0,1,0,0,0,0,0,0,2,1,15,1,6,3189,1,7,-1,3,AUDI                ,A3 SPORT QUATTRO AUTO      ,1,3,1,8,2,8,3,0,0,-1,0,1
201043P291120,475370,200460,-0.910858,51.697788,43,3,1,1,31/12/2010,6,10:35,484,E10000025,6,165,6,30,0,-1,-1,0,0,0,1,1,1,0,0,2,1,E01028614,1,9,0,4,0,0,0,0,0,0,1,1,15,1,-1,1997,2,10,9,2,CITROEN             ,XSARA PICASSO SX HDI       ,1,3,1,9,3,6,9,0,0,-1,0,2
201020J500330,394470,290410,-2.082925,52.511522,20,2,1,1,31/12/2010,6,10:44,303,E08000027,3,4168,2,30,6,3,6,0,0,0,1,1,2,0,0,1,1,E01009757,1,19,0,9,0,8,0,0,0,0,3,1,1,1,5,1753,2,6,2,1,,,1,3,2,11,2,5,3,0,0,-1,0,1
201032C404410,550890,384580,0.264728,53.336594,32,2,1,1,31/12/2010,6,10:45,351,E10000019,6,0,6,30,3,4,6,0,0,0,1,1,1,0,0,1,1,E01026073,1,9,0,7,0,1,0,0,3,10,1,1,15,1,11,1388,1,8,1,1,,,1,1,1,11,2,0,0,0,0,-1,9,1
201014K354610,435250,387360,-1.471530,53.381906,14,3,1,1,31/12/2010,6,10:50,215,E08000019,6,0,6,30,0,0,-1,0,0,0,1,1,2,0,0,1,2,E01008071,1,11,0,5,0,0,0,0,0,0,0,1,1,1,6,9600,2,13,-1,-1,VOLVO               ,                           ,1,2,1,-1,3,0,0,0,4,-1,11,-1
2010231096785,436510,291980,-1.463309,52.524448,23,3,2,1,31/12/2010,6,10:54,291,E10000031,3,444,6,30,6,2,6,1262,0,0,1,1,1,0,0,1,1,E01031043,1,9,0,4,0,2,1,0,0,0,1,1,15,1,10,1560,2,6,2,1,,,,,,,,,,,,,,
2010231096785,436510,291980,-1.463309,52.524448,23,3,2,1,31/12/2010,6,10:54,291,E10000031,3,444,6,30,6,2,6,1262,0,0,1,1,1,0,0,1,1,E01031043,2,9,0,4,0,2,0,0,0,0,2,1,15,2,5,1999,1,4,5,2,,,1,1,2,5,3,0,0,0,0,-1,9,2
201011NE32330,439400,540410,-1.389286,54.757111,11,3,1,1,31/12/2010,6,11:01,169,E06000047,6,0,6,30,0,-1,-1,0,0,0,1,1,2,0,0,2,1,E01020762,1,9,0,18,0,0,0,0,0,0,1,1,15,2,8,796,1,1,2,3,,,1,3,1,2,3,5,2,0,0,-1,0,2
201030D001286,431180,320300,-1.539197,52.779364,30,3,1,1,31/12/2010,6,11:02,328,E10000007,6,0,6,30,0,-1,-1,0,0,0,1,1,2,0,0,1,2,E01019844,1,11,0,2,0,0,0,0,0,0,0,1,1,1,-1,-1,-1,-1,-1,-1,,,1,2,2,10,3,0,0,0,1,-1,11,1
2010070378314,340970,376560,-2.886859,53.282699,7,3,3,1,31/12/2010,6,11:06,130,E06000050,1,53,3,70,0,0,-1,0,0,0,1,1,1,0,0,1,1,E01018552,1,21,0,4,0,0,1,0,0,0,0,1,1,1,8,6000,2,12,1,1,ERF                 ,                           ,,,,,,,,,,,,
2010070378314,340970,376560,-2.886859,53.282699,7,3,3,1,31/12/2010,6,11:06,130,E06000050,1,53,3,70,0,0,-1,0,0,0,1,1,1,0,0,1,1,E01018552,2,21,0,4,0,0,1,0,0,0,2,1,1,1,7,10518,2,4,9,2,MAN                 ,                           ,,,,,,,,,,,,
2010070378314,340970,376560,-2.886859,53.282699,7,3,3,1,31/12/2010,6,11:06,130,E06000050,1,53,3,70,0,0,-1,0,0,0,1,1,1,0,0,1,1,E01018552,3,9,0,4,0,0,1,0,0,0,1,1,15,1,6,1329,1,-1,2,1,TOYOTA              ,YARIS TR VVT-I             ,1,2,2,5,3,0,0,1,0,-1,9,1
201045EL57245,507570,163020,-0.456524,51.356023,45,2,2,1,31/12/2010,6,11:09,510,E10000030,4,374,6,30,3,4,6,0,0,1,1,1,1,0,0,1,1,E01030347,1,9,0,9,0,8,0,0,0,0,1,1,15,2,8,1248,2,3,10,1,,,,,,,,,,,,,,
201045EL57245,507570,163020,-0.456524,51.356023,45,2,2,1,31/12/2010,6,11:09,510,E10000030,4,374,6,30,3,4,6,0,0,1,1,1,1,0,0,1,1,E01030347,2,1,0,18,0,8,0,0,0,0,1,1,15,1,9,-1,-1,-1,10,1,,,1,1,1,9,2,0,0,0,0,-1,1,1
2010460195307,559560,148950,0.283321,51.217396,46,3,1,1,31/12/2010,6,11:20,542,E10000016,3,227,6,40,3,4,6,0,0,0,1,1,1,0,0,1,1,E01024777,1,19,0,18,0,8,0,0,0,0,4,1,1,1,7,1998,2,7,8,1,,,1,3,2,4,3,9,8,0,0,-1,0,-1
201001LX59006,531910,172280,-0.103709,51.434117,1,3,1,1,31/12/2010,6,11:25,9,E09000022,6,0,6,30,6,4,3,215,0,4,1,1,1,0,0,1,2,E01003079,1,9,0,9,0,5,0,0,0,0,1,1,15,2,-1,-1,-1,-1,-1,-1,,,1,3,2,8,3,4,1,0,0,-1,0,1
201042I429212,559300,180650,0.293790,51.502284,42,3,2,1,31/12/2010,6,11:30,462,E06000034,4,186,6,30,3,2,4,1335,0,5,1,1,2,0,0,2,1,E01015930,1,9,0,9,0,8,0,0,0,0,3,1,1,2,9,1149,1,-1,-1,-1,RENAULT             ,CLIO EXPRESSION 16V        ,,,,,,,,,,,,
201042I429212,559300,180650,0.293790,51.502284,42,3,2,1,31/12/2010,6,11:30,462,E06000034,4,186,6,30,3,2,4,1335,0,5,1,1,2,0,0,2,1,E01015930,2,9,0,18,0,8,0,0,0,0,4,1,15,2,6,1498,1,-1,5,1,MERCEDES-BENZ       ,A160 BLUEEFF-Y CLASSIC SE  ,1,1,2,6,3,0,0,0,0,-1,9,1
201050JN2L015,287920,70310,-3.582479,50.521741,50,3,2,2,31/12/2010,6,11:35,585,E10000008,5,91,6,40,0,0,-1,0,0,0,1,1,2,0,0,1,1,E01020213,1,9,0,18,0,0,0,10,7,10,4,1,15,1,4,1360,1,13,10,1,,,,,,,,,,,,,,
201050JN2L015,287920,70310,-3.582479,50.521741,50,3,2,2,31/12/2010,6,11:35,585,E10000008,5,91,6,40,0,0,-1,0,0,0,1,1,2,0,0,1,1,E01020213,2,9,0,18,0,0,0,0,0,0,1,1,15,1,6,-1,-1,-1,5,1,,,1,1,1,6,3,0,0,0,0,-1,9,1
201050JN2L015,287920,70310,-3.582479,50.521741,50,3,2,2,31/12/2010,6,11:35,585,E10000008,5,91,6,40,0,0,-1,0,0,0,1,1,2,0,0,1,1,E01020213,2,9,0,18,0,0,0,0,0,0,1,1,15,1,6,-1,-1,-1,5,1,,,2,2,2,5,3,0,0,1,0,-1,9,1
201042I428212,537820,200600,-0.007646,51.687198,42,3,4,1,31/12/2010,6,11:40,456,E10000012,6,0,6,30,1,4,6,0,0,0,1,1,2,0,0,1,2,E01021818,1,9,0,7,0,3,0,0,0,0,0,1,15,1,-1,-1,-1,-1,-1,-1,,,,,,,,,,,,,,
201042I428212,537820,200600,-0.007646,51.687198,42,3,4,1,31/12/2010,6,11:40,456,E10000012,6,0,6,30,1,4,6,0,0,0,1,1,2,0,0,1,2,E01021818,2,9,0,4,0,1,0,0,0,0,0,1,15,1,6,-1,-1,-1,5,1,FIAT                ,DOBLO SX MULTIJET          ,,,,,,,,,,,,
201042I428212,537820,200600,-0.007646,51.687198,42,3,4,1,31/12/2010,6,11:40,456,E10000012,6,0,6,30,1,4,6,0,0,0,1,1,2,0,0,1,2,E01021818,3,9,0,2,0,1,0,0,0,0,0,1,15,2,6,1242,1,11,7,1,FIAT                ,PUNTO 1.2                  ,1,1,2,6,3,0,0,0,0,-1,9,1
201042I428212,537820,200600,-0.007646,51.687198,42,3,4,1,31/12/2010,6,11:40,456,E10000012,6,0,6,30,1,4,6,0,0,0,1,1,2,0,0,1,2,E01021818,4,1,0,18,0,1,0,0,0,0,0,1,15,3,-1,-1,-1,-1,-1,-1,,,,,,,,,,,,,,
201001ZT80427,526020,164130,-0.191290,51.362210,1,3,2,1,31/12/2010,6,11:45,21,E09000029,4,2230,2,30,3,4,5,0,0,0,1,1,1,0,0,1,1,E01004142,1,9,0,9,0,5,0,0,0,0,0,1,15,1,6,2969,2,6,4,1,,,,,,,,,,,,,,
201001ZT80427,526020,164130,-0.191290,51.362210,1,3,2,1,31/12/2010,6,11:45,21,E09000029,4,2230,2,30,3,4,5,0,0,0,1,1,1,0,0,1,1,E01004142,2,11,0,4,0,8,0,0,0,0,0,1,1,1,9,7300,2,9,4,1,VOLVO               ,                           ,1,2,2,9,3,0,0,0,3,-1,11,1
2010070378349,338940,368240,-2.915704,53.207690,7,3,2,1,31/12/2010,6,11:45,130,E06000050,6,0,6,30,3,4,6,0,0,0,1,1,1,0,0,1,1,E01018310,1,2,0,18,0,8,0,0,0,0,4,1,15,1,4,49,1,-1,1,1,,,1,1,1,4,3,0,0,0,0,-1,2,1
2010070378349,338940,368240,-2.915704,53.207690,7,3,2,1,31/12/2010,6,11:45,130,E06000050,6,0,6,30,3,4,6,0,0,0,1,1,1,0,0,1,1,E01018310,2,9,0,9,0,8,0,0,0,0,3,1,15,1,7,1360,1,9,1,1,CITROEN             ,XSARA LX 8V                ,,,,,,,,,,,,
201042I426212,577240,222880,0.573440,51.876272,42,2,1,1,31/12/2010,6,11:47,451,E10000012,6,0,6,50,0,0,-1,0,0,0,1,1,2,0,0,1,1,E01021369,1,9,0,18,0,0,0,0,1,4,4,1,15,1,6,3000,1,16,5,1,NISSAN              ,SKYLINE GT-R               ,1,1,1,6,2,0,0,0,0,-1,9,1
2010130002458,417580,437300,-1.734370,53.831664,13,3,2,1,31/12/2010,6,11:50,200,E08000032,6,0,6,30,3,4,6,0,0,0,1,1,1,0,0,1,1,E01010690,1,9,0,18,0,1,0,0,0,0,1,1,15,1,11,1390,1,5,5,1,,,,,,,,,,,,,,
2010130002458,417580,437300,-1.734370,53.831664,13,3,2,1,31/12/2010,6,11:50,200,E08000032,6,0,6,30,3,4,6,0,0,0,1,1,1,0,0,1,1,E01010690,2,9,0,18,0,1,0,0,0,0,2,1,15,2,7,1242,1,6,5,1,,,1,1,2,7,3,0,0,0,0,-1,9,1
201020T501470,407260,281850,-1.894649,52.434548,20,3,1,1,31/12/2010,6,11:50,300,E08000025,6,0,6,30,3,4,6,0,0,0,1,8,2,0,0,1,2,E01009178,1,9,0,1,0,8,0,0,0,0,2,1,15,1,-1,-1,-1,-1,-1,-1,,,1,3,2,11,3,5,3,0,0,-1,0,1
2010353110610,554450,260920,0.259837,52.224791,35,3,2,1,31/12/2010,6,11:50,391,E10000003,5,215,6,30,8,4,6,0,0,0,1,8,2,0,0,2,2,E01018012,1,5,0,9,0,5,0,0,0,0,1,1,15,2,10,-1,-1,-1,9,3,,,,,,,,,,,,,,
2010353110610,554450,260920,0.259837,52.224791,35,3,2,1,31/12/2010,6,11:50,391,E10000003,5,215,6,30,8,4,6,0,0,0,1,8,2,0,0,2,2,E01018012,2,1,0,18,0,8,0,0,1,10,2,1,15,1,9,-1,-1,-1,10,1,,,1,1,1,9,3,0,0,0,0,-1,1,1
2010620206243,278180,191820,-3.760783,51.611946,62,3,3,4,31/12/2010,6,11:51,743,W06000012,3,4017,6,30,0,-1,-1,0,0,0,1,1,1,0,0,2,1,W01000900,1,9,0,17,0,0,0,0,0,0,1,1,15,1,10,1798,1,4,-1,2,,,1,1,1,10,3,0,0,0,0,-1,9,2
2010620206243,278180,191820,-3.760783,51.611946,62,3,3,4,31/12/2010,6,11:51,743,W06000012,3,4017,6,30,0,-1,-1,0,0,0,1,1,1,0,0,2,1,W01000900,1,9,0,17,0,0,0,0,0,0,1,1,15,1,10,1798,1,4,-1,2,,,4,2,2,9,3,0,0,1,0,-1,9,2
2010620206243,278180,191820,-3.760783,51.611946,62,3,3,4,31/12/2010,6,11:51,743,W06000012,3,4017,6,30,0,-1,-1,0,0,0,1,1,1,0,0,2,1,W01000900,2,9,0,16,0,0,0,0,0,0,1,1,15,1,8,1242,1,1,-1,1,FORD                ,FIESTA STYLE PLUS          ,2,1,1,8,3,0,0,0,0,-1,9,1
2010620206243,278180,191820,-3.760783,51.611946,62,3,3,4,31/12/2010,6,11:51,743,W06000012,3,4017,6,30,0,-1,-1,0,0,0,1,1,1,0,0,2,1,W01000900,3,9,0,16,0,0,0,0,0,0,1,1,15,2,6,1596,1,5,-1,3,,,3,1,2,6,3,0,0,0,0,-1,9,3
201097GD02912,259750,659690,-4.239545,55.810097,97,2,1,1,31/12/2010,6,11:56,926,S12000043,6,0,6,30,0,-1,-1,0,0,0,1,1,1,0,0,1,1,,1,9,0,18,0,0,0,0,0,0,1,1,15,1,11,-1,-1,-1,-1,1,,,1,3,2,11,2,5,1,0,0,-1,0,1
2010353022910,529300,280700,-0.100542,52.408997,35,3,3,6,31/12/2010,6,12:00,393,E10000003,4,1040,6,60,0,-1,-1,0,0,0,1,1,2,0,0,2,1,E01018209,1,9,0,18,0,0,1,0,1,3,3,1,15,1,5,1800,1,12,6,3,,,1,2,1,4,3,0,0,1,0,-1,9,-1
2010353022910,529300,280700,-0.100542,52.408997,35,3,3,6,31/12/2010,6,12:00,393,E10000003,4,1040,6,60,0,-1,-1,0,0,0,1,1,2,0,0,2,1,E01018209,1,9,0,18,0,0,1,0,1,3,3,1,15,1,5,1800,1,12,6,3,,,4,1,1,5,3,0,0,0,0,-1,9,3
2010353022910,529300,280700,-0.100542,52.408997,35,3,3,6,31/12/2010,6,12:00,393,E10000003,4,1040,6,60,0,-1,-1,0,0,0,1,1,2,0,0,2,1,E01018209,2,9,0,18,0,0,0,0,0,0,2,1,15,1,9,1364,1,1,9,2,VAUXHALL            ,CORSA CLUB A/C AUTO        ,2,2,2,9,3,0,0,1,0,-1,9,2
2010353022910,529300,280700,-0.100542,52.408997,35,3,3,6,31/12/2010,6,12:00,393,E10000003,4,1040,6,60,0,-1,-1,0,0,0,1,1,2,0,0,2,1,E01018209,2,9,0,18,0,0,0,0,0,0,2,1,15,1,9,1364,1,1,9,2,VAUXHALL            ,CORSA CLUB A/C AUTO        ,5,1,1,9,3,0,0,0,0,-1,9,2
2010353022910,529300,280700,-0.100542,52.408997,35,3,3,6,31/12/2010,6,12:00,393,E10000003,4,1040,6,60,0,-1,-1,0,0,0,1,1,2,0,0,2,1,E01018209,3,9,0,18,0,0,0,0,0,0,1,1,15,2,6,2300,1,6,9,3,FORD                ,                           ,3,2,2,1,3,0,0,2,0,-1,9,-1
2010353022910,529300,280700,-0.100542,52.408997,35,3,3,6,31/12/2010,6,12:00,393,E10000003,4,1040,6,60,0,-1,-1,0,0,0,1,1,2,0,0,2,1,E01018209,3,9,0,18,0,0,0,0,0,0,1,1,15,2,6,2300,1,6,9,3,FORD                ,                           ,6,1,2,6,3,0,0,0,0,-1,9,3
201042I431812,584180,235320,0.680799,51.985751,42,3,2,3,31/12/2010,6,12:00,451,E10000012,3,131,6,60,0,0,-1,0,0,0,6,1,2,0,0,2,1,E01021398,1,9,0,17,0,0,1,0,0,0,1,1,15,1,5,1198,1,9,7,3,,,2,1,1,5,3,0,0,0,0,-1,9,3
201042I431812,584180,235320,0.680799,51.985751,42,3,2,3,31/12/2010,6,12:00,451,E10000012,3,131,6,60,0,0,-1,0,0,0,6,1,2,0,0,2,1,E01021398,1,9,0,17,0,0,1,0,0,0,1,1,15,1,5,1198,1,9,7,3,,,3,2,1,5,3,0,0,1,0,-1,9,3
201042I431812,584180,235320,0.680799,51.985751,42,3,2,3,31/12/2010,6,12:00,451,E10000012,3,131,6,60,0,0,-1,0,0,0,6,1,2,0,0,2,1,E01021398,2,9,0,16,0,0,0,0,1,0,1,1,2,1,6,1796,1,10,6,2,,,1,1,1,6,3,0,0,0,0,-1,9,2
201043P284120,446940,228660,-1.318366,51.954413,43,3,3,1,31/12/2010,6,12:02,481,E10000025,3,4260,6,60,6,4,6,0,0,0,1,1,1,0,0,2,1,E01028507,1,17,4,9,0,6,0,0,0,0,3,1,1,1,6,6800,2,-1,8,3,JOHN DEERE          ,                           ,,,,,,,,,,,,
201043P284120,446940,228660,-1.318366,51.954413,43,3,3,1,31/12/2010,6,12:02,481,E10000025,3,4260,6,60,6,4,6,0,0,0,1,1,1,0,0,2,1,E01028507,2,9,0,18,0,8,1,0,0,0,1,1,15,1,8,1389,1,17,2,1,,,1,1,1,8,3,0,0,0,0,-1,9,1
201043P284120,446940,228660,-1.318366,51.954413,43,3,3,1,31/12/2010,6,12:02,481,E10000025,3,4260,6,60,6,4,6,0,0,0,1,1,1,0,0,2,1,E01028507,3,9,0,18,0,1,1,0,0,0,2,1,15,1,6,-1,-1,-1,7,3,,,,,,,,,,,,,,
201001JC30679,536370,192170,-0.031894,51.611799,1,3,1,1,31/12/2010,6,12:03,13,E09000031,3,406,3,50,3,2,3,1009,0,0,1,1,1,0,0,1,1,E01004453,1,9,0,16,0,8,0,0,1,2,1,1,15,1,8,998,1,14,1,1,NISSAN              ,MICRA SHAPE                ,1,1,1,8,3,0,0,0,0,-1,9,1
201020S500960,400350,276820,-1.996294,52.389374,20,2,2,1,31/12/2010,6,12:20,300,E08000025,4,4120,6,40,3,4,6,0,0,0,1,1,2,0,0,1,1,E01009163,1,9,0,9,0,8,0,0,0,0,3,1,1,1,5,1598,1,8,5,1,,,,,,,,,,,,,,
201020S500960,400350,276820,-1.996294,52.389374,20,2,2,1,31/12/2010,6,12:20,300,E08000025,4,4120,6,40,3,4,6,0,0,0,1,1,2,0,0,1,1,E01009163,2,9,0,18,0,8,0,0,0,0,1,1,15,1,9,1332,1,12,2,1,TOYOTA              ,STARLET GLS                ,1,1,1,9,2,0,0,0,0,-1,9,1
20103102B3253,471860,379180,-0.923078,53.304686,31,3,1,1,31/12/2010,6,12:34,341,E10000024,5,12,6,60,0,-1,-1,0,0,0,1,8,4,0,0,2,1,E01028010,1,9,0,18,0,0,0,0,1,9,1,1,15,2,7,2720,2,5,3,3,LAND ROVER          ,DISCOVERY 3 TDV6 AUTO      ,1,1,2,7,3,0,0,0,0,-1,9,3
201030C000914,436260,349020,-1.460692,53.037214,30,3,1,1,31/12/2010,6,12:45,320,E10000007,4,6013,6,40,0,-1,-1,0,0,0,1,1,2,0,0,2,1,E01019412,1,9,0,18,0,0,0,10,1,2,4,1,15,1,9,2495,2,8,7,3,LAND ROVER          ,DISCOVERY TD5 S AUTO       ,1,1,1,9,3,0,0,0,0,-1,9,3
201022F100177,348920,310080,-2.757108,52.685966,22,3,2,1,31/12/2010,6,12:48,286,E06000051,3,5112,3,40,3,4,6,0,0,0,1,1,1,0,0,1,1,E01028962,1,9,0,7,0,6,0,0,0,0,3,1,15,2,8,-1,-1,-1,4,1,,,1,1,2,8,3,0,0,0,0,-1,9,1
201022F100177,348920,310080,-2.757108,52.685966,22,3,2,1,31/12/2010,6,12:48,286,E06000051,3,5112,3,40,3,4,6,0,0,0,1,1,1,0,0,1,1,E01028962,2,20,0,18,0,8,0,0,0,0,1,1,1,1,8,8867,2,3,9,3,SCANIA              ,                           ,,,,,,,,,,,,
201043P298120,472030,197620,-0.959763,51.672694,43,3,2,3,31/12/2010,6,12:52,484,E10000025,4,4009,6,40,3,4,1,40,0,0,1,1,1,0,0,2,1,E01028679,1,9,0,9,0,6,0,0,0,0,1,1,15,1,6,1998,1,5,-1,-1,HONDA               ,CR-V VTEC EXECUTIVE AUTO   ,,,,,,,,,,,,
201043P298120,472030,197620,-0.959763,51.672694,43,3,2,3,31/12/2010,6,12:52,484,E10000025,4,4009,6,40,3,4,1,40,0,0,1,1,1,0,0,2,1,E01028679,2,9,0,18,0,8,0,0,1,0,4,1,15,1,10,2179,2,3,10,2,LAND ROVER          ,FREELANDER SE TD4 A        ,1,1,1,10,3,0,0,0,0,-1,9,2
201043P298120,472030,197620,-0.959763,51.672694,43,3,2,3,31/12/2010,6,12:52,484,E10000025,4,4009,6,40,3,4,1,40,0,0,1,1,1,0,0,2,1,E01028679,2,9,0,18,0,8,0,0,1,0,4,1,15,1,10,2179,2,3,10,2,LAND ROVER          ,FREELANDER SE TD4 A        ,2,2,2,8,3,0,0,1,0,-1,9,2
201043P298120,472030,197620,-0.959763,51.672694,43,3,2,3,31/12/2010,6,12:52,484,E10000025,4,4009,6,40,3,4,1,40,0,0,1,1,1,0,0,2,1,E01028679,2,9,0,18,0,8,0,0,1,0,4,1,15,1,10,2179,2,3,10,2,LAND ROVER          ,FREELANDER SE TD4 A        ,3,2,1,3,3,0,0,2,0,-1,9,2
201006A040720,384580,398450,-2.233841,53.482532,6,3,2,1,31/12/2010,6,12:59,102,E08000003,3,62,6,30,6,4,6,0,0,0,1,1,1,0,0,1,1,E01005134,1,9,0,18,0,6,0,0,0,0,1,1,15,1,6,1598,1,4,1,1,TOYOTA              ,COROLLA COLOUR COL-N VVTI  ,,,,,,,,,,,,
201006A040720,384580,398450,-2.233841,53.482532,6,3,2,1,31/12/2010,6,12:59,102,E08000003,3,62,6,30,6,4,6,0,0,0,1,1,1,0,0,1,1,E01005134,2,9,0,18,0,8,0,0,0,0,3,1,15,2,6,1995,2,1,5,1,BMW                 ,116D SPORT                 ,1,1,2,6,3,0,0,0,0,-1,9,1
201020H560150,399930,296560,-2.002475,52.566840,20,3,2,1,31/12/2010,6,13:00,307,E08000030,3,461,1,30,1,2,1,6,0,0,1,1,1,0,0,1,1,E01010361,1,9,0,12,0,3,0,0,0,0,3,1,15,1,6,1794,1,10,2,1,TOYOTA              ,AVENSIS GS VVT-I           ,1,1,1,6,3,0,0,0,0,-1,9,1
201020H560150,399930,296560,-2.002475,52.566840,20,3,2,1,31/12/2010,6,13:00,307,E08000030,3,461,1,30,1,2,1,6,0,0,1,1,1,0,0,1,1,E01010361,2,9,0,11,0,3,0,0,0,0,4,1,15,2,8,1991,2,5,6,1,,,,,,,,,,,,,,
201042I429812,588020,186920,0.710474,51.549781,42,3,2,1,31/12/2010,6,13:00,460,E06000033,4,1015,3,30,0,0,-1,0,0,5,1,1,1,0,0,1,1,E01015899,1,9,0,3,0,0,0,0,0,0,1,1,15,1,-1,-1,-1,-1,-1,-1,,,,,,,,,,,,,,
201042I429812,588020,186920,0.710474,51.549781,42,3,2,1,31/12/2010,6,13:00,460,E06000033,4,1015,3,30,0,0,-1,0,0,5,1,1,1,0,0,1,1,E01015899,2,1,0,5,0,0,0,0,0,0,3,1,15,1,5,-1,-1,-1,-1,-1,,,1,1,1,5,3,0,0,0,0,-1,1,-1
201001KD50672,554050,191590,0.222998,51.602032,1,3,2,1,31/12/2010,6,13:10,15,E09000016,6,0,6,30,3,4,6,0,0,0,1,1,2,0,0,1,1,E01002297,1,9,0,9,0,8,0,0,0,0,0,1,15,1,7,-1,-1,-1,3,1,,,,,,,,,,,,,,
201001KD50672,554050,191590,0.222998,51.602032,1,3,2,1,31/12/2010,6,13:10,15,E09000016,6,0,6,30,3,4,6,0,0,0,1,1,2,0,0,1,1,E01002297,2,4,0,18,0,1,0,0,0,0,3,1,15,1,6,-1,-1,-1,2,1,,,1,1,1,6,3,0,0,0,0,-1,4,1
2010100830610,440170,556870,-1.375041,54.904961,10,3,2,2,31/12/2010,6,13:10,150,E08000024,6,5105,6,30,3,4,6,145,0,0,1,1,2,0,0,1,1,E01008836,1,9,0,18,0,1,0,0,1,0,4,1,15,1,9,2204,2,4,9,2,HONDA               ,CR-V EX I-CDTI             ,1,1,1,9,3,0,0,0,0,-1,9,2
2010100830610,440170,556870,-1.375041,54.904961,10,3,2,2,31/12/2010,6,13:10,150,E08000024,6,5105,6,30,3,4,6,145,0,0,1,1,2,0,0,1,1,E01008836,2,9,0,18,0,1,0,0,1,0,1,1,15,1,9,-1,-1,-1,4,1,FORD                ,TRANSIT 80 SWB             ,2,1,1,9,3,0,0,0,0,-1,9,1
2010100837210,434480,561710,-1.463198,54.948877,10,3,2,1,31/12/2010,6,13:15,149,E08000023,4,1298,6,30,2,4,6,336,0,0,1,3,4,0,0,1,2,E01008615,1,19,0,18,0,1,0,0,0,0,1,1,15,1,-1,-1,-1,-1,2,1,CITROEN             ,BERLINGO M-S DESIRE 92     ,,,,,,,,,,,,
2010100837210,434480,561710,-1.463198,54.948877,10,3,2,1,31/12/2010,6,13:15,149,E08000023,4,1298,6,30,2,4,6,336,0,0,1,3,4,0,0,1,2,E01008615,2,9,0,3,0,1,0,0,0,0,2,1,15,2,6,1998,1,7,3,1,RENAULT             ,LAGUNA DYNAMIQUE 16V A     ,1,1,2,6,3,0,0,0,0,-1,9,1
201054EL46010,424920,151480,-1.644250,51.261883,54,3,1,1,31/12/2010,6,13:15,635,E06000054,3,342,6,60,0,0,-1,0,0,0,1,1,1,0,0,2,1,E01031849,1,9,0,18,0,0,2,10,1,10,1,1,15,1,9,1598,1,4,4,2,,,1,1,1,9,3,0,0,0,0,-1,9,2
201001GD10849,532900,185410,-0.084535,51.551880,1,3,1,1,31/12/2010,6,13:20,4,E09000012,3,105,6,30,3,4,5,0,0,1,1,1,2,0,0,1,1,E01002782,1,9,0,18,0,1,0,0,0,0,1,1,15,1,8,1590,1,7,1,1,HONDA               ,CIVIC VTEC EXECUTIVE AUTO  ,1,3,1,-1,3,1,3,0,0,-1,0,-1
2010440000139,478560,135060,-0.879177,51.109401,44,3,2,1,31/12/2010,6,13:20,497,E10000014,6,0,6,30,3,4,6,0,0,0,1,1,1,0,0,1,1,E01022637,1,9,0,9,0,8,0,0,0,0,1,1,15,1,7,1986,2,5,7,1,AUDI                ,A4 S LINE TDI 140          ,1,1,1,7,3,0,0,0,0,-1,9,1
2010440000139,478560,135060,-0.879177,51.109401,44,3,2,1,31/12/2010,6,13:20,497,E10000014,6,0,6,30,3,4,6,0,0,0,1,1,1,0,0,1,1,E01022637,2,9,0,18,0,1,0,0,0,0,1,1,15,1,11,1248,1,1,5,1,HYUNDAI             ,I10 STYLE                  ,,,,,,,,,,,,
201020L500040,417980,288300,-1.736621,52.492288,20,3,2,1,31/12/2010,6,13:23,306,E08000029,6,0,6,30,3,4,6,0,0,0,1,1,2,0,0,2,1,E01010145,1,9,0,9,0,8,0,0,0,0,3,1,15,2,7,1796,1,10,3,1,LAND ROVER          ,FREELANDER GS              ,,,,,,,,,,,,
201020L500040,417980,288300,-1.736621,52.492288,20,3,2,1,31/12/2010,6,13:23,306,E08000029,6,0,6,30,3,4,6,0,0,0,1,1,2,0,0,2,1,E01010145,2,9,0,18,0,8,0,0,0,0,1,1,15,2,5,1299,1,14,1,1,FORD                ,KA                         ,1,2,2,4,3,0,0,1,0,-1,9,1
201004EL10145,373580,427290,-2.402054,53.741312,4,3,2,1,31/12/2010,6,13:30,75,E10000017,6,0,6,30,3,4,6,0,0,0,1,1,1,0,0,1,1,E01025076,1,19,0,18,0,8,0,0,0,0,1,1,15,3,-1,-1,-1,-1,-1,-1,,,,,,,,,,,,,,
201004EL10145,373580,427290,-2.402054,53.741312,4,3,2,1,31/12/2010,6,13:30,75,E10000017,6,0,6,30,3,4,6,0,0,0,1,1,1,0,0,1,1,E01025076,2,1,0,18,0,8,0,0,0,0,4,1,15,1,2,-1,-1,-1,4,1,,,1,1,1,2,3,0,0,0,0,-1,1,1
201042I427312,570460,208620,0.468033,51.750289,42,3,2,1,31/12/2010,6,13:30,454,E10000012,4,1008,6,30,0,0,-1,0,0,0,1,1,2,0,0,1,2,E01021591,1,9,0,18,0,0,0,0,0,0,2,1,15,1,-1,-1,-1,-1,-1,-1,FORD                ,TRANSIT CONN T200 L90      ,,,,,,,,,,,,
201042I427312,570460,208620,0.468033,51.750289,42,3,2,1,31/12/2010,6,13:30,454,E10000012,4,1008,6,30,0,0,-1,0,0,0,1,1,2,0,0,1,2,E01021591,2,9,0,18,0,0,0,0,0,0,0,1,15,2,7,1390,2,7,5,1,,,1,1,2,7,3,0,0,0,0,-1,9,1
201001ZD31085,532910,170220,-0.090104,51.415370,1,3,2,2,31/12/2010,6,13:45,20,E09000008,6,0,6,30,2,4,6,0,0,0,1,1,1,0,0,1,1,E01001156,1,9,0,18,0,8,0,0,0,0,1,1,15,1,7,1997,2,3,8,1,FORD                ,MONDEO EDGE TDCI 140       ,1,1,1,7,3,0,0,0,0,-1,9,1
201001ZD31085,532910,170220,-0.090104,51.415370,1,3,2,2,31/12/2010,6,13:45,20,E09000008,6,0,6,30,2,4,6,0,0,0,1,1,1,0,0,1,1,E01001156,2,9,0,18,0,8,5,0,0,0,3,1,15,1,6,-1,-1,-1,3,1,CITROEN             ,BERLINGO 600TD HDI LX      ,2,1,1,6,3,0,0,0,0,-1,9,1
201006P041590,387980,406040,-2.182900,53.550844,6,3,1,1,31/12/2010,6,13:45,106,E08000005,3,669,6,30,3,4,6,0,0,0,1,1,1,0,0,1,2,E01005541,1,9,0,18,0,2,0,0,0,0,4,1,15,2,7,1399,2,6,2,1,,,1,3,2,3,3,5,9,0,0,-1,0,-1
2010610090110,331870,186640,-2.984536,51.574445,61,3,2,1,31/12/2010,6,13:51,733,W06000022,3,48,1,50,1,4,6,0,0,0,1,1,1,0,0,1,1,W01001660,1,9,0,18,0,3,0,0,0,0,4,1,15,1,4,-1,-1,-1,-1,-1,,,1,1,1,4,3,0,0,0,0,-1,9,-1
2010610090110,331870,186640,-2.984536,51.574445,61,3,2,1,31/12/2010,6,13:51,733,W06000022,3,48,1,50,1,4,6,0,0,0,1,1,1,0,0,1,1,W01001660,2,9,0,18,0,3,0,0,0,0,1,1,15,1,4,-1,-1,-1,-1,-1,,,,,,,,,,,,,,
20104100K0645,536010,204950,-0.032118,51.726729,41,3,2,1,31/12/2010,6,13:56,430,E10000015,3,10,7,70,1,4,3,10,0,0,1,1,2,0,0,2,1,E01023310,1,9,0,4,0,1,0,0,0,0,1,1,15,2,9,1999,1,5,7,1,,,,,,,,,,,,,,
20104100K0645,536010,204950,-0.032118,51.726729,41,3,2,1,31/12/2010,6,13:56,430,E10000015,3,10,7,70,1,4,3,10,0,0,1,1,2,0,0,2,1,E01023310,2,9,0,8,0,1,0,0,0,0,2,1,15,2,5,1198,1,5,9,2,SKODA               ,FABIA AMBIENTE 12V HTP     ,1,2,2,4,3,0,0,1,0,-1,9,1
20102100X0284,384970,345610,-2.225454,53.007569,21,3,2,2,31/12/2010,6,14:00,253,E10000028,3,519,3,30,0,-1,-1,0,0,4,1,1,1,0,0,1,2,E01029602,1,9,0,18,0,0,0,0,0,0,1,1,15,1,9,-1,-1,-1,10,1,,,,,,,,,,,,,,
20102100X0284,384970,345610,-2.225454,53.007569,21,3,2,2,31/12/2010,6,14:00,253,E10000028,3,519,3,30,0,-1,-1,0,0,4,1,1,1,0,0,1,2,E01029602,2,9,0,4,0,0,0,0,0,0,2,1,15,1,10,2494,1,13,10,1,,,1,1,1,10,3,0,0,0,0,-1,9,1
20102100X0284,384970,345610,-2.225454,53.007569,21,3,2,2,31/12/2010,6,14:00,253,E10000028,3,519,3,30,0,-1,-1,0,0,4,1,1,1,0,0,1,2,E01029602,2,9,0,4,0,0,0,0,0,0,2,1,15,1,10,2494,1,13,10,1,,,2,2,2,10,3,0,0,1,0,-1,9,1
2010471008839,526890,137530,-0.188220,51.122948,47,3,1,1,31/12/2010,6,14:00,560,E10000032,3,2219,6,30,8,4,6,0,0,8,1,1,1,0,0,1,2,E01031610,1,9,0,7,0,6,0,0,0,0,1,1,2,1,6,1781,1,9,4,1,VOLKSWAGEN          ,GOLF ANNIVERSARY T         ,1,3,2,7,3,5,1,0,0,-1,0,-1
201042I431212,588610,186150,0.718561,51.542669,42,3,1,1,31/12/2010,6,14:05,460,E06000033,4,1015,6,30,0,0,-1,0,0,4,1,1,2,0,0,1,2,E01015895,1,9,0,5,0,0,0,0,0,0,1,1,15,2,7,2295,1,12,5,1,,,1,3,2,3,3,1,3,0,0,-1,0,1
2010471100057,515690,103550,-0.358988,50.819880,47,3,2,1,31/12/2010,6,14:05,564,E10000032,5,0,6,30,6,4,6,0,0,4,1,1,1,0,0,1,1,E01031831,1,9,0,9,0,8,0,0,0,0,3,1,15,1,8,1596,1,14,6,3,,,,,,,,,,,,,,
2010471100057,515690,103550,-0.358988,50.819880,47,3,2,1,31/12/2010,6,14:05,564,E10000032,5,0,6,30,6,4,6,0,0,4,1,1,1,0,0,1,1,E01031831,2,3,0,18,0,8,0,0,0,0,1,1,15,2,4,125,1,7,5,1,HONDA               ,SES 125-4                  ,1,1,2,4,3,0,0,0,0,-1,3,1
201054ET46110,386520,157540,-2.194827,51.316753,54,3,2,2,31/12/2010,6,14:05,635,E06000054,5,49,6,30,8,4,6,0,0,0,1,1,1,0,0,1,1,E01032102,1,9,0,18,0,1,0,0,0,0,1,1,15,1,8,2663,2,16,7,3,,,,,,,,,,,,,,
201054ET46110,386520,157540,-2.194827,51.316753,54,3,2,2,31/12/2010,6,14:05,635,E06000054,5,49,6,30,8,4,6,0,0,0,1,1,1,0,0,1,1,E01032102,2,9,0,10,0,1,0,0,0,0,2,1,15,1,5,2498,1,14,9,3,VAUXHALL            ,VECTRA SRI V6 24V          ,1,1,1,5,3,0,0,0,0,-1,9,3
201054ET46110,386520,157540,-2.194827,51.316753,54,3,2,2,31/12/2010,6,14:05,635,E06000054,5,49,6,30,8,4,6,0,0,0,1,1,1,0,0,1,1,E01032102,2,9,0,10,0,1,0,0,0,0,2,1,15,1,5,2498,1,14,9,3,VAUXHALL            ,VECTRA SRI V6 24V          ,2,2,1,5,3,0,0,1,0,-1,9,1
201022G100002,374620,318940,-2.377611,52.767432,22,3,2,1,31/12/2010,6,14:10,284,E06000020,6,0,6,30,0,-1,-1,0,0,0,1,1,1,0,0,1,2,E01014178,1,9,0,5,0,0,0,0,0,0,3,1,15,2,6,1587,1,12,8,1,,,,,,,,,,,,,,
201022G100002,374620,318940,-2.377611,52.767432,22,3,2,1,31/12/2010,6,14:10,284,E06000020,6,0,6,30,0,-1,-1,0,0,0,1,1,1,0,0,1,2,E01014178,2,1,0,18,0,0,0,0,0,0,1,1,15,1,9,-1,-1,-1,5,3,,,1,1,1,9,3,0,0,0,0,-1,1,3
2010231096786,443570,272630,-1.361774,52.349981,23,1,1,1,31/12/2010,6,14:13,292,E10000031,3,45,3,60,0,-1,-1,0,0,0,1,1,1,0,0,2,1,E01031150,1,9,0,18,0,0,1,0,1,4,3,1,15,1,4,1390,1,8,7,3,,,1,1,1,4,1,0,0,0,0,-1,9,3
201001BS70763,526330,177410,-0.182109,51.481492,1,3,2,1,31/12/2010,6,14:16,12,E09000020,3,3217,6,30,0,-1,-1,0,0,0,1,2,2,0,0,1,1,E01002913,1,9,0,3,0,0,0,0,0,0,2,1,15,1,6,999,1,4,6,1,,,1,1,1,6,3,0,0,0,0,-1,9,1
201001BS70763,526330,177410,-0.182109,51.481492,1,3,2,1,31/12/2010,6,14:16,12,E09000020,3,3217,6,30,0,-1,-1,0,0,0,1,2,2,0,0,1,1,E01002913,2,9,0,18,0,0,0,0,0,0,1,1,15,2,7,-1,-1,-1,5,1,SCANIA              ,                           ,,,,,,,,,,,,
2010521100122,359030,172050,-2.590944,51.445897,52,3,2,1,31/12/2010,6,14:17,601,E06000023,3,38,1,30,1,2,3,370,0,5,1,1,1,0,0,1,2,E01014652,1,9,0,8,0,1,0,0,0,0,2,1,15,2,6,1769,1,7,4,1,,,1,2,2,6,3,0,0,2,0,-1,9,1
2010521100122,359030,172050,-2.590944,51.445897,52,3,2,1,31/12/2010,6,14:17,601,E06000023,3,38,1,30,1,2,3,370,0,5,1,1,1,0,0,1,2,E01014652,2,9,0,18,0,1,0,0,0,0,1,1,15,2,5,1198,1,1,8,1,SKODA               ,FABIA 1 HTP 60             ,,,,,,,,,,,,
2010331007623,464590,322840,-1.043440,52.799237,33,2,1,1,31/12/2010,6,14:28,362,E10000018,3,46,6,60,5,4,3,6006,0,0,1,1,2,0,0,2,1,E01025761,1,9,0,7,0,5,1,0,7,9,1,1,15,1,7,1995,2,1,6,1,BMW                 ,318D M SPORT TOURING AUTO  ,1,2,1,8,2,0,0,1,0,-1,9,1
2010331007617,461150,311650,-1.096539,52.699055,33,2,2,4,31/12/2010,6,14:30,362,E10000018,3,46,1,70,1,2,3,46,0,0,1,1,1,0,0,2,1,E01025758,1,9,0,18,0,8,0,0,0,0,1,1,15,1,8,1198,1,-1,8,1,VOLKSWAGEN          ,POLO MODA 60               ,1,1,1,8,2,0,0,0,0,-1,9,1
2010331007617,461150,311650,-1.096539,52.699055,33,2,2,4,31/12/2010,6,14:30,362,E10000018,3,46,1,70,1,2,3,46,0,0,1,1,1,0,0,2,1,E01025758,2,9,0,18,0,8,0,0,0,0,2,1,15,1,9,1998,1,1,6,1,SAAB                ,9-3 AERO                   ,2,2,1,-1,2,0,0,1,0,-1,9,1
2010331007617,461150,311650,-1.096539,52.699055,33,2,2,4,31/12/2010,6,14:30,362,E10000018,3,46,1,70,1,2,3,46,0,0,1,1,1,0,0,2,1,E01025758,2,9,0,18,0,8,0,0,0,0,2,1,15,1,9,1998,1,1,6,1,SAAB                ,9-3 AERO                   ,3,2,2,-1,2,0,0,2,0,-1,9,1
2010331007617,461150,311650,-1.096539,52.699055,33,2,2,4,31/12/2010,6,14:30,362,E10000018,3,46,1,70,1,2,3,46,0,0,1,1,1,0,0,2,1,E01025758,2,9,0,18,0,8,0,0,0,0,2,1,15,1,9,1998,1,1,6,1,SAAB                ,9-3 AERO                   ,4,2,1,-1,3,0,0,2,0,-1,9,1
201042I427812,553690,195220,0.219396,51.634745,42,3,3,1,31/12/2010,6,14:39,452,E10000012,1,25,3,70,0,0,-1,0,0,0,1,1,1,4,0,2,1,E01021443,1,9,0,11,0,0,1,0,0,0,4,1,15,2,8,1997,1,18,7,1,HONDA               ,PRELUDE I AUTO             ,1,2,2,8,3,0,0,1,0,-1,9,3
201042I427812,553690,195220,0.219396,51.634745,42,3,3,1,31/12/2010,6,14:39,452,E10000012,1,25,3,70,0,0,-1,0,0,0,1,1,1,4,0,2,1,E01021443,2,9,0,18,0,0,2,0,0,0,3,1,15,1,9,2967,1,7,8,3,,,,,,,,,,,,,,
201042I427812,553690,195220,0.219396,51.634745,42,3,3,1,31/12/2010,6,14:39,452,E10000012,1,25,3,70,0,0,-1,0,0,0,1,1,1,4,0,2,1,E01021443,3,9,0,18,0,0,0,0,0,0,3,1,1,1,6,1988,1,14,10,1,FORD                ,MONDEO LX AUTO             ,,,,,,,,,,,,
2010440000478,464830,154100,-1.071845,51.282304,44,3,1,1,31/12/2010,6,14:40,490,E10000014,6,0,6,30,0,-1,-1,0,0,0,1,2,2,7,0,1,1,E01022541,1,9,0,18,0,0,1,0,1,10,4,1,15,2,4,1199,1,12,3,1,VAUXHALL            ,CORSA BREEZE 16V           ,1,1,2,4,3,0,0,0,0,-1,9,1
2010520100121,345260,116770,-2.780624,50.947693,52,3,1,1,31/12/2010,6,14:40,610,E10000027,3,303,3,70,0,-1,-1,0,0,0,1,9,1,0,0,2,1,E01029191,1,9,4,13,0,0,5,0,0,0,4,1,15,1,5,2495,2,19,5,3,LAND ROVER          ,DISCOVERY TURBO DIESEL     ,1,2,1,8,3,0,0,1,0,-1,9,2
2010231096787,443620,272620,-1.361041,52.349887,23,3,2,1,31/12/2010,6,14:45,292,E10000031,3,45,3,60,0,-1,-1,0,0,0,1,1,1,0,0,2,1,E01031150,1,90,0,5,0,0,0,0,0,0,3,1,1,1,8,-1,-1,-1,1,1,VAUXHALL            ,MOVANO 3500 CDTI LWB       ,1,1,1,8,3,0,0,0,0,-1,90,1
2010231096787,443620,272620,-1.361041,52.349887,23,3,2,1,31/12/2010,6,14:45,292,E10000031,3,45,3,60,0,-1,-1,0,0,0,1,1,1,0,0,2,1,E01031150,2,90,0,13,0,0,1,0,0,0,4,1,1,1,6,-1,-1,-1,10,2,SCANIA              ,                           ,,,,,,,,,,,,
2010100851310,428310,581510,-1.557569,55.127187,10,3,2,2,31/12/2010,6,14:48,139,E06000048,3,193,1,30,1,4,3,189,0,0,1,1,1,0,0,2,2,E01027425,1,9,0,9,0,4,0,0,0,0,1,1,15,1,8,2148,2,4,7,1,CHRYSLER            ,PT CRUISER LIMITED CRD     ,,,,,,,,,,,,
2010100851310,428310,581510,-1.557569,55.127187,10,3,2,2,31/12/2010,6,14:48,139,E06000048,3,193,1,30,1,4,3,189,0,0,1,1,1,0,0,2,2,E01027425,2,9,0,10,0,8,0,0,0,0,2,1,15,1,6,1997,2,-1,3,1,FORD                ,MONDEO ZETEC TDCI 138      ,1,1,1,6,3,0,0,0,0,-1,9,1
2010100851310,428310,581510,-1.557569,55.127187,10,3,2,2,31/12/2010,6,14:48,139,E06000048,3,193,1,30,1,4,3,189,0,0,1,1,1,0,0,2,2,E01027425,2,9,0,10,0,8,0,0,0,0,2,1,15,1,6,1997,2,-1,3,1,FORD                ,MONDEO ZETEC TDCI 138      ,2,2,2,8,3,0,0,1,0,-1,9,1
201001EO40809,532370,184860,-0.092382,51.547062,1,3,2,1,31/12/2010,6,14:56,3,E09000019,3,1199,6,30,3,4,6,0,0,4,1,1,1,0,0,1,1,E01002717,1,9,0,18,0,8,0,0,0,0,4,1,15,1,6,1329,1,-1,4,1,TOYOTA              ,YARIS TR VVT-I             ,1,1,1,6,3,0,0,0,0,-1,9,1
201001EO40809,532370,184860,-0.092382,51.547062,1,3,2,1,31/12/2010,6,14:56,3,E09000019,3,1199,6,30,3,4,6,0,0,4,1,1,1,0,0,1,1,E01002717,2,9,0,7,0,8,0,0,0,0,1,1,15,2,6,1199,1,10,2,1,VAUXHALL            ,AGILA                      ,,,,,,,,,,,,
201001QK50802,521270,185910,-0.252019,51.558991,1,3,2,1,31/12/2010,6,14:56,28,E09000005,3,406,3,30,5,4,3,4088,0,4,1,1,1,0,0,1,1,E01000628,1,9,0,18,0,1,0,0,0,0,1,1,15,1,4,1229,1,6,3,1,,,1,1,1,4,3,0,0,0,0,-1,9,1
201001QK50802,521270,185910,-0.252019,51.558991,1,3,2,1,31/12/2010,6,14:56,28,E09000005,3,406,3,30,5,4,3,4088,0,4,1,1,1,0,0,1,1,E01000628,2,9,0,4,0,1,0,0,0,0,2,1,15,1,8,-1,-1,-1,3,1,MERCEDES            ,SPRINTER 311 CDI LWB       ,,,,,,,,,,,,
2010353007410,529880,276540,-0.093632,52.371481,35,3,2,1,31/12/2010,6,15:00,393,E10000003,5,119,6,60,3,4,6,0,0,0,1,1,1,0,0,2,1,E01018196,1,9,0,5,0,6,0,0,1,9,1,1,15,2,4,1196,1,15,10,2,VAUXHALL            ,CORSA LS                   ,1,1,2,4,3,0,0,0,0,-1,9,2
2010353007410,529880,276540,-0.093632,52.371481,35,3,2,1,31/12/2010,6,15:00,393,E10000003,5,119,6,60,3,4,6,0,0,0,1,1,1,0,0,2,1,E01018196,2,9,0,18,0,8,0,0,1,9,1,1,15,2,7,1679,1,10,6,3,FORD                ,PUMA 1.7 16V               ,,,,,,,,,,,,
201042I426112,570070,187920,0.452326,51.564457,42,2,3,1,31/12/2010,6,15:00,450,E10000012,3,176,6,30,3,4,6,0,0,0,1,1,2,0,0,1,1,E01021297,1,9,0,18,0,1,1,0,0,0,4,1,15,3,-1,1198,1,-1,-1,-1,VOLKSWAGEN          ,POLO SE 60                 ,1,3,2,8,2,5,1,0,0,-1,0,1
201042I426112,570070,187920,0.452326,51.564457,42,2,3,1,31/12/2010,6,15:00,450,E10000012,3,176,6,30,3,4,6,0,0,0,1,1,2,0,0,1,1,E01021297,2,9,0,2,9,1,0,0,0,0,0,1,15,3,-1,1948,1,7,-1,-1,VOLVO               ,S40 SE                     ,,,,,,,,,,,,
201042I426112,570070,187920,0.452326,51.564457,42,2,3,1,31/12/2010,6,15:00,450,E10000012,3,176,6,30,3,4,6,0,0,0,1,1,2,0,0,1,1,E01021297,3,9,0,2,9,1,0,0,0,0,0,1,15,3,-1,1468,1,19,-1,-1,PROTON              ,SE AUTO                    ,,,,,,,,,,,,
2010460195422,616720,160300,1.107541,51.300490,46,2,2,5,31/12/2010,6,15:07,531,E10000016,5,247,6,60,0,-1,-1,0,0,0,1,1,1,0,0,2,1,E01024110,1,9,0,18,0,0,1,0,0,0,1,1,15,2,6,2544,1,13,6,3,FORD                ,MONDEO ST 24 V6            ,1,1,2,6,2,0,0,0,0,-1,9,3
2010460195422,616720,160300,1.107541,51.300490,46,2,2,5,31/12/2010,6,15:07,531,E10000016,5,247,6,60,0,-1,-1,0,0,0,1,1,1,0,0,2,1,E01024110,1,9,0,18,0,0,1,0,0,0,1,1,15,2,6,2544,1,13,6,3,FORD                ,MONDEO ST 24 V6            ,3,2,1,5,3,0,0,1,0,-1,9,-1
2010460195422,616720,160300,1.107541,51.300490,46,2,2,5,31/12/2010,6,15:07,531,E10000016,5,247,6,60,0,-1,-1,0,0,0,1,1,1,0,0,2,1,E01024110,1,9,0,18,0,0,1,0,0,0,1,1,15,2,6,2544,1,13,6,3,FORD                ,MONDEO ST 24 V6            ,4,2,2,1,2,0,0,2,0,-1,9,3
2010460195422,616720,160300,1.107541,51.300490,46,2,2,5,31/12/2010,6,15:07,531,E10000016,5,247,6,60,0,-1,-1,0,0,0,1,1,1,0,0,2,1,E01024110,2,9,0,18,0,0,0,0,0,0,1,1,15,2,7,1364,2,3,5,1,TOYOTA              ,AURIS T3 D-4D              ,2,1,2,7,3,0,0,0,0,-1,9,1
2010460195422,616720,160300,1.107541,51.300490,46,2,2,5,31/12/2010,6,15:07,531,E10000016,5,247,6,60,0,-1,-1,0,0,0,1,1,1,0,0,2,1,E01024110,2,9,0,18,0,0,0,0,0,0,1,1,15,2,7,1364,2,3,5,1,TOYOTA              ,AURIS T3 D-4D              ,5,2,1,4,3,0,0,1,0,-1,9,1
201001KD50670,553720,187220,0.216325,51.562859,1,3,1,1,31/12/2010,6,15:15,15,E09000016,3,124,6,30,0,-1,-1,0,0,0,1,1,1,0,0,1,1,E01002361,1,11,0,5,0,0,0,0,0,0,0,1,1,1,-1,9000,2,3,1,1,SCANIA              ,                           ,1,2,2,9,3,0,0,0,1,-1,11,1
2010550D56848,401670,108570,-1.977653,50.876561,55,3,3,1,31/12/2010,6,15:15,647,E10000009,4,3078,6,60,3,4,5,2,0,0,1,1,1,0,0,2,1,E01020398,1,9,0,9,0,6,0,0,0,0,3,1,15,2,5,1198,1,7,7,3,VOLKSWAGEN          ,POLO TWIST                 ,1,1,2,5,3,0,0,0,0,-1,9,3
2010550D56848,401670,108570,-1.977653,50.876561,55,3,3,1,31/12/2010,6,15:15,647,E10000009,4,3078,6,60,3,4,5,2,0,0,1,1,1,0,0,2,1,E01020398,2,19,0,18,0,8,0,0,0,0,1,1,15,2,8,-1,-1,-1,10,3,RENAULT             ,KANGOO RN                  ,,,,,,,,,,,,
2010550D56848,401670,108570,-1.977653,50.876561,55,3,3,1,31/12/2010,6,15:15,647,E10000009,4,3078,6,60,3,4,5,2,0,0,1,1,1,0,0,2,1,E01020398,3,9,0,18,0,1,0,0,0,0,0,1,15,3,-1,-1,-1,-1,-1,-1,,,,,,,,,,,,,,
201020J500100,399090,284930,-2.014833,52.462284,20,3,1,1,31/12/2010,6,15:17,303,E08000027,3,458,3,40,8,4,6,0,0,0,1,1,1,0,0,1,1,E01009797,1,19,0,7,0,2,0,0,0,0,0,1,15,1,7,2148,2,3,9,1,MERCEDES            ,                           ,1,3,2,11,3,5,1,0,0,-1,0,1
2010471100022,573860,108020,0.468263,50.845511,47,3,2,1,31/12/2010,6,15:18,555,E10000011,3,259,3,30,6,2,3,269,0,4,1,1,1,0,0,1,1,E01021108,1,9,0,9,0,5,0,0,0,0,4,1,15,1,11,1339,1,-1,6,1,HONDA               ,JAZZ EX I-VTEC S-A         ,,,,,,,,,,,,
2010471100022,573860,108020,0.468263,50.845511,47,3,2,1,31/12/2010,6,15:18,555,E10000011,3,259,3,30,6,2,3,269,0,4,1,1,1,0,0,1,1,E01021108,2,1,0,18,0,6,0,0,0,0,1,1,15,1,7,-1,-1,-1,8,1,,,1,1,1,7,3,0,0,0,0,-1,1,1
20102100X0084,403310,360190,-1.951981,53.138837,21,3,1,1,31/12/2010,6,15:30,256,E10000028,5,16,6,60,0,-1,-1,0,0,0,1,1,2,0,0,2,1,E01029817,1,9,0,16,0,0,2,0,7,10,1,1,15,1,10,1997,2,10,5,3,PEUGEOT             ,406 RAPIER HDI (90)        ,1,1,1,10,3,0,0,0,0,-1,9,3
2010440000550,467160,126250,-1.043632,51.031637,44,2,2,3,31/12/2010,6,15:30,497,E10000014,3,272,6,60,0,-1,-1,0,0,0,1,1,2,0,0,2,1,E01022592,1,9,0,17,0,0,1,0,7,0,1,1,15,1,9,5343,1,21,7,1,JAGUAR              ,XJS HE AUTO                ,1,1,1,9,3,0,0,0,0,-1,9,1
2010440000550,467160,126250,-1.043632,51.031637,44,2,2,3,31/12/2010,6,15:30,497,E10000014,3,272,6,60,0,-1,-1,0,0,0,1,1,2,0,0,2,1,E01022592,1,9,0,17,0,0,1,0,7,0,1,1,15,1,9,5343,1,21,7,1,JAGUAR              ,XJS HE AUTO                ,2,2,1,5,3,0,0,1,0,-1,9,1
2010440000550,467160,126250,-1.043632,51.031637,44,2,2,3,31/12/2010,6,15:30,497,E10000014,3,272,6,60,0,-1,-1,0,0,0,1,1,2,0,0,2,1,E01022592,2,9,0,16,0,0,0,0,0,0,1,1,15,1,9,1783,1,15,7,1,VOLVO               ,440 SI                     ,3,1,1,9,2,0,0,0,0,-1,9,1
201097AB04612,259100,665660,-4.253007,55.863507,97,3,1,1,31/12/2010,6,15:30,926,S12000043,6,0,3,30,9,2,-1,-1,0,4,1,1,2,0,0,1,1,,1,9,0,18,0,8,0,0,0,0,1,1,15,3,4,-1,-1,-1,-1,-1,,,1,3,2,7,3,6,9,0,0,-1,0,1
201050EC2A036,249050,54850,-4.124230,50.374060,50,3,1,1,31/12/2010,6,15:32,583,E06000026,6,0,6,30,0,-1,-1,0,0,0,1,1,1,0,0,1,1,E01015178,1,9,0,18,0,0,0,0,0,0,1,1,15,1,10,1799,1,12,7,1,,,1,3,1,4,3,8,4,0,0,-1,0,1
201006N041685,381580,411250,-2.279806,53.597487,6,3,1,1,31/12/2010,6,15:40,101,E08000002,4,6222,6,30,0,-1,-1,0,0,0,1,1,1,0,0,1,1,E01004958,1,9,0,18,0,0,0,0,0,0,1,1,15,2,7,1396,1,14,3,1,ROVER               ,414 I                      ,1,3,1,3,3,5,1,0,0,-1,0,1
201006G041306,392780,398490,-2.110275,53.483069,6,3,2,1,31/12/2010,6,15:45,110,E08000008,3,635,9,40,3,4,6,0,0,0,1,1,1,0,0,1,2,E01005953,1,9,0,5,0,6,0,0,0,0,1,1,15,1,6,1968,2,5,-1,-1,SEAT                ,LEON REFERENCE SPORT TDI   ,,,,,,,,,,,,
201006G041306,392780,398490,-2.110275,53.483069,6,3,2,1,31/12/2010,6,15:45,110,E08000008,3,635,9,40,3,4,6,0,0,0,1,1,1,0,0,1,2,E01005953,2,9,0,18,0,1,0,0,0,0,4,1,15,1,7,1389,1,13,1,1,VAUXHALL            ,ASTRA EXPRESSION           ,1,1,1,7,3,0,0,0,0,-1,9,1
201042I430312,564570,178510,0.368655,51.481549,42,3,3,1,31/12/2010,6,16:00,462,E06000034,3,126,6,30,6,2,6,0,0,5,4,1,2,0,0,1,1,E01015933,1,9,0,18,0,1,0,0,0,0,1,1,2,1,7,2993,2,6,9,3,BMW                 ,X5 SPORT D AUTO            ,,,,,,,,,,,,
201042I430312,564570,178510,0.368655,51.481549,42,3,3,1,31/12/2010,6,16:00,462,E06000034,3,126,6,30,6,2,6,0,0,5,4,1,2,0,0,1,1,E01015933,2,9,0,3,0,1,0,0,0,0,2,1,15,2,7,-1,-1,-1,-1,1,,,1,1,2,7,3,0,0,0,0,-1,9,1
201042I430312,564570,178510,0.368655,51.481549,42,3,3,1,31/12/2010,6,16:00,462,E06000034,3,126,6,30,6,2,6,0,0,5,4,1,2,0,0,1,1,E01015933,3,9,0,3,0,1,0,0,0,0,2,1,15,1,4,1242,1,13,-1,-1,,,,,,,,,,,,,,
2010460195244,552330,142230,0.177030,51.158986,46,3,2,1,31/12/2010,6,16:00,538,E10000016,4,2188,6,40,0,-1,-1,0,0,0,1,1,2,0,0,2,1,E01024456,1,9,0,18,0,0,1,0,0,0,1,1,2,1,5,1999,1,5,8,3,FORD                ,FIESTA ST                  ,,,,,,,,,,,,
2010460195244,552330,142230,0.177030,51.158986,46,3,2,1,31/12/2010,6,16:00,538,E10000016,4,2188,6,40,0,-1,-1,0,0,0,1,1,2,0,0,2,1,E01024456,2,9,0,18,0,0,0,0,0,0,1,1,15,1,9,5935,1,4,10,1,ASTON MARTIN        ,DB9 AUTO                   ,1,1,1,9,3,0,0,0,0,-1,9,1
2010130555582,420250,434230,-1.694003,53.803974,13,3,2,1,31/12/2010,6,16:10,204,E08000035,3,647,3,40,0,-1,-1,0,0,0,1,1,2,0,0,1,1,E01011597,1,9,0,18,0,0,0,0,0,0,2,1,15,1,9,1390,1,7,4,1,RENAULT             ,CLIO EXPRESSION 16V        ,1,1,1,9,3,0,0,0,0,-1,9,1
2010130555582,420250,434230,-1.694003,53.803974,13,3,2,1,31/12/2010,6,16:10,204,E08000035,3,647,3,40,0,-1,-1,0,0,0,1,1,2,0,0,1,1,E01011597,2,9,0,18,0,0,0,0,0,0,1,1,15,2,4,1242,1,11,8,1,FIAT                ,PUNTO 1.2                  ,,,,,,,,,,,,
201020J500550,392130,284730,-2.117269,52.460429,20,3,2,4,31/12/2010,6,16:22,303,E08000027,3,4036,6,30,8,4,6,0,0,0,4,8,2,0,0,1,1,E01009836,1,9,0,9,0,5,0,0,0,0,4,1,15,1,4,1598,1,9,10,2,,,1,1,1,4,3,0,0,0,0,-1,9,2
201020J500550,392130,284730,-2.117269,52.460429,20,3,2,4,31/12/2010,6,16:22,303,E08000027,3,4036,6,30,8,4,6,0,0,0,4,8,2,0,0,1,1,E01009836,1,9,0,9,0,5,0,0,0,0,4,1,15,1,4,1598,1,9,10,2,,,3,2,2,4,3,0,0,1,0,-1,9,1
201020J500550,392130,284730,-2.117269,52.460429,20,3,2,4,31/12/2010,6,16:22,303,E08000027,3,4036,6,30,8,4,6,0,0,0,4,8,2,0,0,1,1,E01009836,2,19,0,18,0,8,0,0,0,0,4,1,15,1,7,-1,-1,-1,7,1,,,2,1,1,7,3,0,0,0,0,-1,19,1
201020J500550,392130,284730,-2.117269,52.460429,20,3,2,4,31/12/2010,6,16:22,303,E08000027,3,4036,6,30,8,4,6,0,0,0,4,8,2,0,0,1,1,E01009836,2,19,0,18,0,8,0,0,0,0,4,1,15,1,7,-1,-1,-1,7,1,,,4,2,1,4,3,0,0,2,0,-1,19,1
20103102D3142,450300,334530,-1.253569,52.905836,31,3,2,2,31/12/2010,6,16:30,342,E10000024,4,6003,6,30,3,4,6,0,0,0,1,2,2,0,0,1,2,E01028138,1,9,0,4,0,1,1,0,0,0,1,1,15,1,7,1910,2,10,2,1,FIAT                ,PUNTO ELX JTD              ,2,2,2,6,3,0,0,1,0,-1,9,1
20103102D3142,450300,334530,-1.253569,52.905836,31,3,2,2,31/12/2010,6,16:30,342,E10000024,4,6003,6,30,3,4,6,0,0,0,1,2,2,0,0,1,2,E01028138,2,9,0,4,0,1,0,0,0,0,2,1,15,2,7,1997,1,9,8,1,PEUGEOT             ,206 CC                     ,1,1,2,7,3,0,0,0,0,-1,9,1
2010460195690,570050,148900,0.433362,51.213921,46,3,1,1,31/12/2010,6,16:30,536,E10000016,4,2162,6,40,0,-1,-1,0,0,0,1,1,1,0,0,2,1,E01024377,1,19,0,18,0,0,0,0,0,0,4,1,15,1,-1,-1,-1,-1,-1,-1,,,1,3,1,7,3,6,7,0,0,-1,0,3
2010460195231,605230,160470,0.943049,51.306272,46,3,1,1,31/12/2010,6,16:34,540,E10000016,5,119,6,60,0,-1,-1,0,0,0,6,1,2,7,0,2,1,E01024558,1,9,0,16,0,0,5,0,0,0,4,1,2,1,4,1199,1,10,7,2,,,1,1,1,4,3,0,0,0,0,-1,9,2
201001EO40801,530760,186270,-0.115063,51.560108,1,3,2,1,31/12/2010,6,16:40,3,E09000019,3,103,6,30,6,2,3,503,0,5,4,1,1,0,0,1,1,E01002730,1,3,0,18,0,8,1,0,0,0,0,1,15,1,7,125,1,8,3,1,,,1,1,1,7,3,0,0,0,0,-1,3,1
201001EO40801,530760,186270,-0.115063,51.560108,1,3,2,1,31/12/2010,6,16:40,3,E09000019,3,103,6,30,6,2,3,503,0,5,4,1,1,0,0,1,1,E01002730,2,9,0,9,0,8,0,0,0,0,0,1,15,3,-1,-1,-1,-1,-1,-1,,,,,,,,,,,,,,
2010460195389,575560,161760,0.518484,51.327781,46,3,2,1,31/12/2010,6,16:40,542,E10000016,1,2,3,70,0,-1,-1,0,0,0,1,1,1,0,0,2,1,E01024721,1,9,0,18,0,0,0,0,0,0,0,1,15,3,-1,-1,-1,-1,-1,-1,,,,,,,,,,,,,,
2010460195389,575560,161760,0.518484,51.327781,46,3,2,1,31/12/2010,6,16:40,542,E10000016,1,2,3,70,0,-1,-1,0,0,0,1,1,1,0,0,2,1,E01024721,2,9,0,18,0,0,1,0,0,0,1,1,15,2,6,1796,1,4,10,1,VAUXHALL            ,ZAFIRA BREEZE PLUS         ,1,1,2,6,3,0,0,0,0,-1,9,1
201032B404810,492170,334980,-0.631048,52.904338,32,3,2,1,31/12/2010,6,16:45,355,E10000019,3,52,6,30,3,4,5,470,0,0,4,1,2,0,0,1,2,E01026343,1,9,0,5,0,6,0,0,0,0,3,1,15,2,7,-1,-1,-1,6,1,,,,,,,,,,,,,,
201032B404810,492170,334980,-0.631048,52.904338,32,3,2,1,31/12/2010,6,16:45,355,E10000019,3,52,6,30,3,4,5,470,0,0,4,1,2,0,0,1,2,E01026343,2,1,0,18,0,1,0,0,0,0,1,1,15,1,7,-1,-1,-1,9,1,,,1,1,1,7,3,0,0,0,0,-1,1,1
2010440000359,444290,113270,-1.371330,50.917136,44,3,2,1,31/12/2010,6,16:45,500,E06000045,3,3024,3,30,3,4,6,0,0,0,4,1,1,0,0,1,1,E01017223,1,1,0,18,0,8,0,0,0,0,1,1,15,1,8,-1,-1,-1,2,1,,,1,1,1,8,3,0,0,0,0,-1,1,1
2010440000359,444290,113270,-1.371330,50.917136,44,3,2,1,31/12/2010,6,16:45,500,E06000045,3,3024,3,30,3,4,6,0,0,0,4,1,1,0,0,1,1,E01017223,2,9,0,4,0,1,0,0,0,0,4,1,15,2,7,1796,1,13,5,1,MG                  ,MGF 1.8I VVC               ,,,,,,,,,,,,
20104100C1264,510360,196270,-0.406076,51.654345,41,3,2,1,31/12/2010,6,16:50,437,E10000015,5,74,6,30,6,2,6,137,0,5,4,1,2,0,0,1,1,E01023899,1,8,0,18,0,8,0,0,0,0,1,1,1,1,6,1360,1,8,4,1,PEUGEOT             ,206 SW XT                  ,,,,,,,,,,,,
20104100C1264,510360,196270,-0.406076,51.654345,41,3,2,1,31/12/2010,6,16:50,437,E10000015,5,74,6,30,6,2,6,137,0,5,4,1,2,0,0,1,1,E01023899,2,1,0,9,0,5,0,0,0,0,2,1,15,1,4,-1,-1,-1,10,1,,,1,1,1,4,3,0,0,0,0,-1,1,1
201001SX21382,523250,187780,-0.222816,51.575369,1,3,1,1,31/12/2010,6,16:52,30,E09000003,6,0,6,30,0,-1,-1,0,0,0,4,1,1,0,6,1,1,E01000307,1,5,0,18,0,0,0,0,0,0,1,1,1,1,8,1137,1,8,9,1,HONDA               ,CBR1100X-2                 ,1,1,1,8,3,0,0,0,0,-1,5,1
201032B402010,535030,322580,0.000717,52.783886,32,3,2,1,31/12/2010,6,16:57,354,E10000019,4,1168,6,60,0,-1,-1,0,0,0,1,1,1,0,0,2,1,E01026249,1,9,0,18,0,0,0,0,0,0,3,1,15,2,5,1997,2,11,4,3,PEUGEOT             ,306 D TURBO HDI            ,1,1,2,5,3,0,0,0,0,-1,9,3
201032B402010,535030,322580,0.000717,52.783886,32,3,2,1,31/12/2010,6,16:57,354,E10000019,4,1168,6,60,0,-1,-1,0,0,0,1,1,1,0,0,2,1,E01026249,2,9,0,13,0,0,0,0,0,0,3,1,15,3,-1,-1,-1,-1,-1,-1,,,,,,,,,,,,,,
201001YE80925,531050,193560,-0.108162,51.625553,1,3,1,1,31/12/2010,6,17:00,32,E09000010,3,111,6,30,3,4,6,0,0,0,4,1,1,0,0,1,2,E01001565,1,9,0,18,0,1,0,0,0,0,4,1,15,2,-1,-1,-1,-1,-1,-1,,,1,3,1,6,3,9,9,0,0,-1,0,1
201037G030718,629590,234620,1.340544,51.962574,37,3,2,2,31/12/2010,6,17:00,415,E10000029,6,3123,6,30,3,4,6,3123,0,0,4,2,2,0,0,1,3,E01030164,1,9,0,18,0,1,0,0,0,0,1,1,15,2,7,1242,1,-1,3,1,VAUXHALL            ,AGILA DESIGN               ,,,,,,,,,,,,
201037G030718,629590,234620,1.340544,51.962574,37,3,2,2,31/12/2010,6,17:00,415,E10000029,6,3123,6,30,3,4,6,3123,0,0,4,2,2,0,0,1,3,E01030164,2,9,0,3,0,1,0,0,0,0,2,1,15,2,7,1299,1,13,3,1,,,1,1,2,7,3,0,0,0,0,-1,9,1
201037G030718,629590,234620,1.340544,51.962574,37,3,2,2,31/12/2010,6,17:00,415,E10000029,6,3123,6,30,3,4,6,3123,0,0,4,2,2,0,0,1,3,E01030164,2,9,0,3,0,1,0,0,0,0,2,1,15,2,7,1299,1,13,3,1,,,2,2,2,3,3,0,0,1,0,-1,9,1
2010460095242,576170,167610,0.530126,51.380144,46,3,1,1,31/12/2010,6,17:00,544,E06000035,6,0,3,30,3,2,6,0,0,5,4,1,2,4,0,1,1,E01016110,1,11,0,18,0,2,0,0,0,0,3,1,1,1,6,-1,2,14,6,1,DENNIS              ,                           ,1,3,1,5,3,1,3,0,0,-1,0,1
201050CI2G009,260610,145040,-3.995990,51.187488,50,2,1,2,31/12/2010,6,17:00,582,E10000008,3,399,6,60,0,0,-1,0,0,0,6,1,2,0,0,2,1,E01020127,1,9,0,17,0,0,5,0,1,0,1,1,1,1,7,2800,1,14,1,1,AUDI                ,2.8 CABRIOLET              ,1,1,1,7,2,0,0,0,0,-1,9,1
201050CI2G009,260610,145040,-3.995990,51.187488,50,2,1,2,31/12/2010,6,17:00,582,E10000008,3,399,6,60,0,0,-1,0,0,0,6,1,2,0,0,2,1,E01020127,1,9,0,17,0,0,5,0,1,0,1,1,1,1,7,2800,1,14,1,1,AUDI                ,2.8 CABRIOLET              ,2,2,1,4,3,0,0,1,0,-1,9,1
201043N264120,498220,184370,-0.584837,51.549630,43,3,2,1,31/12/2010,6,17:05,477,E10000002,4,416,6,30,3,4,6,27,0,1,4,1,2,0,0,1,1,E01017830,1,9,0,9,0,6,0,0,0,0,1,1,15,2,5,-1,-1,-1,9,1,,,,,,,,,,,,,,
201043N264120,498220,184370,-0.584837,51.549630,43,3,2,1,31/12/2010,6,17:05,477,E10000002,4,416,6,30,3,4,6,27,0,1,4,1,2,0,0,1,1,E01017830,2,9,0,18,0,1,0,0,0,0,4,1,15,2,4,1149,1,13,9,1,,,1,1,2,4,3,0,0,0,0,-1,9,1
201043R238120,487670,181030,-0.737782,51.521341,43,3,2,1,31/12/2010,6,17:08,474,E06000040,3,4,6,30,6,2,6,7408,0,0,4,1,2,0,0,1,1,E01016538,1,9,0,18,0,8,0,0,0,0,1,1,15,2,7,998,1,3,9,1,TOYOTA              ,AYGO BLUE VVT-I            ,1,1,2,7,3,0,0,0,0,-1,9,1
201043R238120,487670,181030,-0.737782,51.521341,43,3,2,1,31/12/2010,6,17:08,474,E06000040,3,4,6,30,6,2,6,7408,0,0,4,1,2,0,0,1,1,E01016538,2,9,0,10,0,8,0,0,0,0,1,1,2,1,5,1870,2,7,2,1,RENAULT             ,LAGUNA EXP-ION DCI 120BHP  ,,,,,,,,,,,,
2010130555699,446510,420960,-1.297280,53.683030,13,3,2,2,31/12/2010,6,17:10,206,E08000036,6,0,6,30,3,4,6,0,0,0,4,1,2,0,0,1,1,E01011853,1,2,0,18,0,8,0,0,0,0,0,1,15,1,5,-1,-1,-1,2,1,,,1,1,1,5,3,0,0,0,0,-1,2,1
2010130555699,446510,420960,-1.297280,53.683030,13,3,2,2,31/12/2010,6,17:10,206,E08000036,6,0,6,30,3,4,6,0,0,0,4,1,2,0,0,1,1,E01011853,1,2,0,18,0,8,0,0,0,0,0,1,15,1,5,-1,-1,-1,2,1,,,2,2,1,4,3,0,0,0,0,-1,2,1
2010130555699,446510,420960,-1.297280,53.683030,13,3,2,2,31/12/2010,6,17:10,206,E08000036,6,0,6,30,3,4,6,0,0,0,4,1,2,0,0,1,1,E01011853,2,9,0,18,0,8,0,0,0,0,0,1,15,1,8,2179,2,10,3,1,,,,,,,,,,,,,,
201020S500580,402130,277650,-1.970133,52.396832,20,3,2,1,31/12/2010,6,17:15,300,E08000025,6,0,6,30,0,-1,-1,0,0,0,4,1,2,0,0,1,1,E01009215,1,8,0,18,0,0,0,0,0,0,1,1,1,1,-1,-1,-1,-1,-1,-1,,,,,,,,,,,,,,
201020S500580,402130,277650,-1.970133,52.396832,20,3,2,1,31/12/2010,6,17:15,300,E08000025,6,0,6,30,0,-1,-1,0,0,0,4,1,2,0,0,1,1,E01009215,2,90,0,18,0,0,0,0,0,0,1,1,15,1,7,-1,-1,-1,1,1,,,1,1,1,7,3,0,0,0,0,-1,90,1
201020Z500180,398630,287930,-2.021617,52.489253,20,3,2,2,31/12/2010,6,17:15,305,E08000028,1,5,7,70,5,4,6,0,0,0,1,1,2,0,0,1,1,E01010002,1,9,0,18,0,1,0,0,0,0,1,1,15,1,7,1560,2,7,2,1,,,,,,,,,,,,,,
201020Z500180,398630,287930,-2.021617,52.489253,20,3,2,2,31/12/2010,6,17:15,305,E08000028,1,5,7,70,5,4,6,0,0,0,1,1,2,0,0,1,1,E01010002,2,9,0,4,0,1,0,0,0,0,2,1,15,1,7,1596,1,5,9,1,,,1,2,2,7,3,0,0,1,0,-1,9,1
201020Z500180,398630,287930,-2.021617,52.489253,20,3,2,2,31/12/2010,6,17:15,305,E08000028,1,5,7,70,5,4,6,0,0,0,1,1,2,0,0,1,1,E01010002,2,9,0,4,0,1,0,0,0,0,2,1,15,1,7,1596,1,5,9,1,,,2,2,1,3,3,0,0,2,0,-1,9,1
201001YE89005,528920,194720,-0.138489,51.636470,1,3,2,1,31/12/2010,6,17:20,32,E09000010,3,111,6,30,6,2,4,1453,0,5,4,2,2,0,0,1,1,E01000115,1,9,0,18,0,8,0,0,0,0,4,1,15,1,6,1781,1,10,8,1,,,1,1,1,6,3,0,0,0,0,-1,9,1
201001YE89005,528920,194720,-0.138489,51.636470,1,3,2,1,31/12/2010,6,17:20,32,E09000010,3,111,6,30,6,2,4,1453,0,5,4,2,2,0,0,1,1,E01000115,2,9,0,12,0,8,0,0,0,0,1,1,15,2,-1,2494,1,14,-1,-1,BMW                 ,323I SE AUTO               ,,,,,,,,,,,,
201001FH10680,523390,178660,-0.223990,51.493374,1,3,3,1,31/12/2010,6,17:30,11,E09000013,3,219,6,30,0,-1,-1,0,0,4,4,1,1,0,0,1,2,E01001898,1,9,0,8,0,0,0,0,0,0,2,1,15,2,5,1686,2,9,5,1,VAUXHALL            ,ASTRA LS DTI 16V ECO       ,1,1,2,5,3,0,0,0,0,-1,9,1
201001FH10680,523390,178660,-0.223990,51.493374,1,3,3,1,31/12/2010,6,17:30,11,E09000013,3,219,6,30,0,-1,-1,0,0,4,4,1,1,0,0,1,2,E01001898,2,9,0,18,0,0,0,0,0,0,1,1,15,1,-1,1360,1,4,-1,-1,PEUGEOT             ,207 SPORT 87               ,,,,,,,,,,,,
201001FH10680,523390,178660,-0.223990,51.493374,1,3,3,1,31/12/2010,6,17:30,11,E09000013,3,219,6,30,0,-1,-1,0,0,4,4,1,1,0,0,1,2,E01001898,3,9,0,8,0,0,0,0,0,0,2,1,15,1,-1,2198,1,5,-1,-1,VAUXHALL            ,ZAFIRA LIFE AUTO           ,,,,,,,,,,,,
20102100X0065,390790,347810,-2.138780,53.027479,21,3,1,1,31/12/2010,6,17:30,257,E06000021,6,50,6,30,3,4,6,50,0,0,4,1,2,0,0,1,2,E01014212,1,11,0,5,0,1,0,0,0,0,1,1,1,1,6,-1,-1,-1,1,1,,,1,2,1,9,3,0,0,0,1,-1,11,1
2010353023010,547550,258030,0.157636,52.200717,35,3,1,1,31/12/2010,6,17:30,390,E10000003,3,1134,1,30,1,4,5,298,0,0,4,2,2,0,0,1,1,E01017997,1,9,0,9,0,8,1,0,1,4,1,1,1,2,7,1998,2,10,8,2,FORD                ,MONDEO LX TDDI             ,1,1,2,7,3,0,0,0,0,-1,9,2
201050CB2U013,257520,132390,-4.035172,51.073046,50,3,2,1,31/12/2010,6,17:30,582,E10000008,3,39,1,30,1,4,6,0,0,0,4,1,1,0,0,1,2,E01020129,1,9,0,5,0,4,0,0,0,0,1,1,15,3,-1,999,1,14,6,1,VOLKSWAGEN          ,POLO 1.0 L                 ,,,,,,,,,,,,
201050CB2U013,257520,132390,-4.035172,51.073046,50,3,2,1,31/12/2010,6,17:30,582,E10000008,3,39,1,30,1,4,6,0,0,0,4,1,1,0,0,1,2,E01020129,2,9,0,3,0,3,0,0,0,0,2,1,15,2,8,1995,1,9,6,1,,,1,1,2,8,3,0,0,0,0,-1,9,1
201097LB21812,202390,701810,-5.184441,56.167907,97,2,1,1,31/12/2010,6,17:30,913,S12000035,3,83,6,60,0,-1,-1,0,0,0,6,1,1,0,0,2,1,,1,9,0,16,0,0,5,0,7,0,1,1,15,1,10,-1,-1,-1,-1,1,,,1,1,1,10,2,0,0,0,0,-1,9,1
201001YE80928,533680,194610,-0.069789,51.634371,1,3,2,1,31/12/2010,6,17:37,32,E09000010,3,10,3,40,3,2,5,0,0,5,4,1,1,0,0,1,1,E01001399,1,9,0,4,0,2,0,0,0,0,1,1,15,1,7,2720,2,5,7,1,LAND ROVER          ,DISCOVERY 3 TDV6 AUTO      ,,,,,,,,,,,,
201001YE80928,533680,194610,-0.069789,51.634371,1,3,2,1,31/12/2010,6,17:37,32,E09000010,3,10,3,40,3,2,5,0,0,5,4,1,1,0,0,1,1,E01001399,2,9,0,4,0,2,0,0,0,0,2,1,15,1,7,999,1,4,-1,-1,,,1,1,1,7,3,0,0,0,0,-1,9,-1
201032D406010,491180,363310,-0.637763,53.159102,32,3,2,2,31/12/2010,6,17:40,353,E10000019,6,0,6,60,3,4,3,46,0,0,6,1,1,0,0,2,1,E01026181,1,9,0,18,0,2,0,0,7,0,1,1,15,2,10,1242,1,4,7,2,FORD                ,FIESTA STYLE CLIMATE       ,1,1,2,10,3,0,0,0,0,-1,9,2
201032D406010,491180,363310,-0.637763,53.159102,32,3,2,2,31/12/2010,6,17:40,353,E10000019,6,0,6,60,3,4,3,46,0,0,6,1,1,0,0,2,1,E01026181,2,9,0,18,0,5,0,0,0,0,1,1,15,2,8,1596,1,9,7,1,,,2,1,2,8,3,0,0,0,0,-1,9,1
201020K500160,395940,285800,-2.061207,52.470090,20,3,2,2,31/12/2010,6,17:45,305,E08000028,3,459,6,30,6,2,6,0,0,5,4,1,2,0,0,1,1,E01009956,1,9,0,7,0,8,1,10,1,1,3,1,15,1,7,1686,2,3,3,1,,,1,1,1,7,3,0,0,0,0,-1,9,1
201020K500160,395940,285800,-2.061207,52.470090,20,3,2,2,31/12/2010,6,17:45,305,E08000028,3,459,6,30,6,2,6,0,0,5,4,1,2,0,0,1,1,E01009956,1,9,0,7,0,8,1,10,1,1,3,1,15,1,7,1686,2,3,3,1,,,2,2,1,6,3,0,0,1,0,-1,9,1
201020K500160,395940,285800,-2.061207,52.470090,20,3,2,2,31/12/2010,6,17:45,305,E08000028,3,459,6,30,6,2,6,0,0,5,4,1,2,0,0,1,1,E01009956,2,9,0,18,0,8,0,0,0,0,1,1,15,1,4,1388,1,5,2,1,FORD                ,FOCUS SPORT                ,,,,,,,,,,,,
2010520100583,328420,130370,-3.022995,51.068123,52,3,2,2,31/12/2010,6,17:45,608,E10000027,3,38,3,60,3,4,6,0,0,0,7,9,1,0,0,2,1,E01029141,1,9,0,18,0,1,0,0,0,0,3,1,15,2,8,1834,1,9,6,2,MITSUBISHI          ,CARISMA GDI MIRAGE AUTO    ,1,1,2,8,3,0,0,0,0,-1,9,2
2010520100583,328420,130370,-3.022995,51.068123,52,3,2,2,31/12/2010,6,17:45,608,E10000027,3,38,3,60,3,4,6,0,0,0,7,9,1,0,0,2,1,E01029141,2,9,0,9,0,6,0,0,0,0,4,1,15,2,5,1389,1,15,6,3,,,2,1,2,5,3,0,0,0,0,-1,9,3
20103102C3092,457870,344370,-1.139274,52.993521,31,3,2,1,31/12/2010,6,17:54,343,E10000024,3,60,6,30,6,2,3,6211,0,5,4,1,1,0,0,1,1,E01013963,1,3,0,18,0,1,0,0,0,0,1,1,15,1,4,124,1,1,1,1,SUZUKI              ,DR 125 SM K9               ,1,1,1,4,3,0,0,0,0,-1,3,1
20103102C3092,457870,344370,-1.139274,52.993521,31,3,2,1,31/12/2010,6,17:54,343,E10000024,3,60,6,30,6,2,3,6211,0,5,4,1,1,0,0,1,1,E01013963,2,9,0,6,8,1,0,0,0,0,1,1,15,1,5,1598,1,7,2,1,,,,,,,,,,,,,,
201032C404110,543590,395610,0.160189,53.437700,32,3,1,1,31/12/2010,6,17:59,351,E10000019,3,1031,6,60,0,-1,-1,0,0,0,6,1,2,0,0,2,1,E01026079,1,9,0,16,0,0,5,0,7,0,0,1,15,1,4,973,1,12,3,3,VAUXHALL            ,CORSA BREEZE 12V           ,1,1,1,4,3,0,0,0,0,-1,9,3
201004BA10211,347650,461470,-2.801019,54.046529,4,3,1,1,31/12/2010,6,18:00,76,E10000017,3,6,2,30,3,4,6,0,0,0,4,1,1,0,0,1,1,E01025104,1,9,0,18,0,2,0,0,0,0,4,1,15,3,-1,-1,-1,-1,-1,-1,,,1,3,1,5,3,10,1,0,0,-1,0,1
20103102D3254,468790,339640,-0.977611,52.949719,31,3,2,1,31/12/2010,6,18:00,347,E10000024,3,46,1,40,1,4,3,52,0,8,4,2,2,4,0,2,2,E01028360,1,9,0,5,0,4,0,0,0,0,1,1,15,2,-1,2400,2,-1,8,2,VOLVO               ,XC90 ACTIVE AWD D5 AUTO    ,,,,,,,,,,,,
20103102D3254,468790,339640,-0.977611,52.949719,31,3,2,1,31/12/2010,6,18:00,347,E10000024,3,46,1,40,1,4,3,52,0,8,4,2,2,4,0,2,2,E01028360,2,1,0,18,0,4,0,0,0,0,2,1,15,1,8,-1,-1,-1,7,2,,,1,1,1,8,3,0,0,0,0,-1,1,2
2010921100001,391390,805670,-2.143890,57.141912,92,2,1,1,31/12/2010,6,18:00,910,S12000033,3,90,3,40,3,4,6,0,0,0,4,8,2,0,0,1,1,,1,9,0,18,0,2,5,0,1,4,1,1,15,1,9,1910,2,4,-1,1,FIAT                ,DOBLO DYNAMIC M-JET        ,1,1,1,9,2,0,0,0,0,-1,9,1
2010070378689,338100,372310,-2.929071,53.244173,7,3,1,1,31/12/2010,6,18:11,130,E06000050,1,56,3,70,0,0,-1,0,0,0,6,1,2,0,0,2,1,E01018360,1,9,0,18,0,0,1,0,1,7,3,1,15,2,6,2099,1,8,-1,2,JAGUAR              ,X-TYPE V6 SE AUTO          ,1,1,2,6,3,0,0,0,0,-1,9,2
20103104A3274,455160,360970,-1.176804,53.143013,31,3,2,3,31/12/2010,6,18:12,344,E10000024,4,6030,6,30,6,2,6,0,0,5,4,1,1,0,0,1,1,E01028236,1,9,0,9,0,5,0,0,1,0,1,1,15,1,4,1299,1,9,3,1,,,1,1,1,4,3,0,0,0,0,-1,9,1
20103104A3274,455160,360970,-1.176804,53.143013,31,3,2,3,31/12/2010,6,18:12,344,E10000024,4,6030,6,30,6,2,6,0,0,5,4,1,1,0,0,1,1,E01028236,1,9,0,9,0,5,0,0,1,0,1,1,15,1,4,1299,1,9,3,1,,,3,2,2,4,3,0,0,1,0,-1,9,-1
20103104A3274,455160,360970,-1.176804,53.143013,31,3,2,3,31/12/2010,6,18:12,344,E10000024,4,6030,6,30,6,2,6,0,0,5,4,1,1,0,0,1,1,E01028236,2,9,0,18,0,8,0,0,0,0,1,1,15,2,4,1124,1,5,2,1,,,2,1,2,4,3,0,0,0,0,-1,9,1
201004EA10314,368590,428390,-2.477821,53.750921,4,3,2,2,31/12/2010,6,18:15,70,E06000008,3,677,3,30,6,2,3,666,0,5,4,1,1,4,0,1,1,E01012643,1,8,0,18,0,8,0,0,0,0,1,1,1,1,7,1997,2,9,1,1,CITROEN             ,XSARA SX HDI               ,1,2,2,6,3,0,0,1,0,-1,8,1
201004EA10314,368590,428390,-2.477821,53.750921,4,3,2,2,31/12/2010,6,18:15,70,E06000008,3,677,3,30,6,2,3,666,0,5,4,1,1,4,0,1,1,E01012643,2,9,0,18,0,8,0,0,0,0,4,1,15,1,6,-1,-1,-1,6,1,,,2,2,1,3,3,0,0,1,0,-1,9,1
201060L239013,331800,353220,-3.019392,53.071825,60,3,2,4,31/12/2010,6,18:25,725,W06000006,3,541,3,30,3,2,6,0,0,5,4,1,2,0,0,1,1,W01000378,1,9,0,9,0,8,0,0,0,0,1,1,15,3,-1,1598,1,6,-1,-1,TOYOTA              ,COROLLA COLOUR COL-N VVTI  ,,,,,,,,,,,,
201060L239013,331800,353220,-3.019392,53.071825,60,3,2,4,31/12/2010,6,18:25,725,W06000006,3,541,3,30,3,2,6,0,0,5,4,1,2,0,0,1,1,W01000378,2,9,0,18,0,8,0,0,0,0,2,1,15,1,5,-1,-1,-1,-1,1,,,1,2,1,5,3,0,0,2,0,-1,9,1
201060L239013,331800,353220,-3.019392,53.071825,60,3,2,4,31/12/2010,6,18:25,725,W06000006,3,541,3,30,3,2,6,0,0,5,4,1,2,0,0,1,1,W01000378,2,9,0,18,0,8,0,0,0,0,2,1,15,1,5,-1,-1,-1,-1,1,,,2,2,1,5,3,0,0,1,0,-1,9,1
201060L239013,331800,353220,-3.019392,53.071825,60,3,2,4,31/12/2010,6,18:25,725,W06000006,3,541,3,30,3,2,6,0,0,5,4,1,2,0,0,1,1,W01000378,2,9,0,18,0,8,0,0,0,0,2,1,15,1,5,-1,-1,-1,-1,1,,,3,2,1,1,3,0,0,2,0,-1,9,1
201060L239013,331800,353220,-3.019392,53.071825,60,3,2,4,31/12/2010,6,18:25,725,W06000006,3,541,3,30,3,2,6,0,0,5,4,1,2,0,0,1,1,W01000378,2,9,0,18,0,8,0,0,0,0,2,1,15,1,5,-1,-1,-1,-1,1,,,4,2,1,1,3,0,0,2,0,-1,9,1
201001EO40808,531690,184730,-0.102231,51.546053,1,3,1,1,31/12/2010,6,18:30,3,E09000019,3,1201,6,30,3,4,3,1,0,1,4,1,1,0,0,1,1,E01002791,1,19,0,7,0,8,0,0,0,0,4,1,15,1,7,-1,-1,-1,3,1,,,1,3,2,6,3,6,9,0,0,-1,0,1
2010231096807,452590,266910,-1.230254,52.297771,23,3,1,1,31/12/2010,6,18:30,292,E10000031,3,45,6,60,0,-1,-1,0,0,0,6,1,1,0,0,2,1,E01031166,1,9,0,18,0,0,0,10,1,0,1,1,15,1,9,1997,2,8,7,1,CITROEN             ,XSARA PICASSO HDI EXCLUSIVE,1,1,1,9,3,0,0,0,0,-1,9,1
201005DD07456,352240,391640,-2.720117,53.419377,5,3,1,1,31/12/2010,6,18:35,92,E08000013,6,0,6,30,0,-1,-1,0,0,0,4,1,2,0,0,1,1,E01006909,1,9,0,18,0,0,0,0,0,0,3,1,1,1,11,1590,1,11,2,1,SUZUKI              ,BALENO GLX                 ,1,3,1,1,3,5,3,0,0,-1,0,1
2010440000524,452150,143640,-1.255157,51.189555,44,2,1,1,31/12/2010,6,18:38,502,E10000014,3,303,7,70,5,4,6,0,0,0,6,1,1,0,0,2,1,E01023288,1,9,0,17,0,1,2,0,1,10,1,1,15,1,11,1968,2,1,8,3,SKODA               ,OCTAVIA ELEGANCE TDI       ,1,1,1,11,2,0,0,0,0,-1,9,3
20104100C1265,504090,199740,-0.495646,51.686730,41,3,2,1,31/12/2010,6,18:40,436,E10000015,5,74,3,30,0,0,-1,0,0,0,1,1,2,0,0,2,1,E01023854,1,9,0,4,0,0,0,12,0,0,1,1,15,2,11,1596,1,1,10,3,FORD                ,FOCUS ZETEC 100 AUTO       ,,,,,,,,,,,,
20104100C1265,504090,199740,-0.495646,51.686730,41,3,2,1,31/12/2010,6,18:40,436,E10000015,5,74,3,30,0,0,-1,0,0,0,1,1,2,0,0,2,1,E01023854,2,16,0,18,0,0,0,0,0,0,1,1,15,2,4,-1,-1,-1,-1,-1,,,1,1,2,4,3,0,0,0,0,-1,16,-1
20104100D0993,507030,206820,-0.450959,51.749813,41,2,1,1,31/12/2010,6,18:45,431,E10000015,6,1098,6,30,1,4,3,414,0,0,4,1,1,0,0,1,2,E01023349,1,9,0,16,0,3,0,0,0,0,1,1,15,2,7,2495,2,18,10,1,LAND ROVER          ,110 DEFENDER TURBO DIES    ,1,3,1,4,2,5,1,0,0,-1,0,-1
2010930000194,348950,751840,-2.834281,56.655615,93,3,1,2,31/12/2010,6,18:45,912,S12000041,4,9113,6,60,3,4,6,367,0,0,6,1,4,0,0,2,1,,1,9,0,17,0,2,2,0,7,0,1,1,15,1,6,1364,1,6,-1,1,VAUXHALL            ,ASTRA BREEZE               ,1,1,1,6,3,0,0,0,0,-1,9,1
2010930000194,348950,751840,-2.834281,56.655615,93,3,1,2,31/12/2010,6,18:45,912,S12000041,4,9113,6,60,3,4,6,367,0,0,6,1,4,0,0,2,1,,1,9,0,17,0,2,2,0,7,0,1,1,15,1,6,1364,1,6,-1,1,VAUXHALL            ,ASTRA BREEZE               ,2,2,2,5,3,0,0,1,0,-1,9,1
201050JG3M014,293310,73100,-3.507270,50.547832,50,3,2,1,31/12/2010,6,18:50,585,E10000008,4,3199,6,30,9,4,6,0,0,0,4,1,1,0,0,1,2,E01020271,1,9,0,18,0,1,0,0,0,0,1,1,15,2,6,-1,-1,-1,3,1,,,,,,,,,,,,,,
201050JG3M014,293310,73100,-3.507270,50.547832,50,3,2,1,31/12/2010,6,18:50,585,E10000008,4,3199,6,30,9,4,6,0,0,0,4,1,1,0,0,1,2,E01020271,2,9,0,4,0,1,0,0,0,0,2,1,15,3,-1,-1,-1,-1,8,2,,,1,2,2,5,3,0,0,1,0,-1,9,2
2010170S13390,442970,520860,-1.336685,54.581138,17,2,1,1,31/12/2010,6,18:56,245,E06000004,3,177,6,30,0,-1,-1,0,0,5,4,1,2,0,0,1,1,E01012248,1,19,0,18,0,0,0,0,0,0,1,1,15,1,8,2179,2,8,1,1,CITROEN             ,RELAY 1800 TD HDI LWB      ,1,3,1,8,2,4,3,0,0,-1,0,1
201042I427512,587650,189470,0.706504,51.572807,42,3,2,1,31/12/2010,6,18:57,459,E10000012,6,0,6,30,9,4,6,0,0,0,4,1,2,0,0,1,1,E01021956,1,9,0,9,0,1,0,0,0,0,3,1,15,1,5,-1,-1,-1,4,1,,,,,,,,,,,,,,
201042I427512,587650,189470,0.706504,51.572807,42,3,2,1,31/12/2010,6,18:57,459,E10000012,6,0,6,30,9,4,6,0,0,0,4,1,2,0,0,1,1,E01021956,2,3,0,18,8,1,0,0,0,0,1,1,15,1,4,-1,-1,-1,3,1,,,1,1,1,4,3,0,0,0,0,-1,3,1
201032B404910,491210,335630,-0.645135,52.910343,32,3,2,1,31/12/2010,6,19:00,355,E10000019,3,52,2,30,7,4,6,0,0,0,4,1,1,0,0,1,2,E01026317,1,9,0,5,0,1,0,0,0,0,1,1,15,2,6,1149,1,9,1,1,,,,,,,,,,,,,,
201032B404910,491210,335630,-0.645135,52.910343,32,3,2,1,31/12/2010,6,19:00,355,E10000019,3,52,2,30,7,4,6,0,0,0,4,1,1,0,0,1,2,E01026317,2,1,0,17,0,1,0,0,0,0,2,1,2,1,8,-1,-1,-1,3,1,,,1,1,1,8,3,0,0,0,0,-1,1,1
2010353023810,527900,297410,-0.114701,52.559470,35,2,1,1,31/12/2010,6,19:02,392,E10000003,6,0,6,30,3,4,6,0,0,0,4,1,1,0,0,1,1,E01018072,1,9,0,9,0,5,0,0,0,0,1,1,15,1,6,1794,1,10,4,1,TOYOTA              ,CELICA VVTI                ,1,3,1,10,2,5,4,0,0,-1,0,1
20104100T1177,512080,201650,-0.379497,51.702360,41,3,2,1,31/12/2010,6,19:05,436,E10000015,1,1,3,70,0,0,-1,0,0,0,4,1,1,0,0,2,2,E01023834,1,9,0,12,0,0,0,0,0,0,3,1,15,3,-1,-1,-1,-1,-1,-1,,,,,,,,,,,,,,
20104100T1177,512080,201650,-0.379497,51.702360,41,3,2,1,31/12/2010,6,19:05,436,E10000015,1,1,3,70,0,0,-1,0,0,0,4,1,1,0,0,2,2,E01023834,2,9,0,18,0,0,1,0,4,6,4,1,2,1,5,1753,2,4,5,1,FORD                ,FOCUS TITANIUM TDCI        ,1,1,1,5,3,0,0,0,0,-1,9,1
2010460195485,623180,147830,1.192293,51.186040,46,1,2,1,31/12/2010,6,19:05,531,E10000016,3,2,3,70,0,-1,-1,0,0,0,6,1,1,0,0,2,1,E01024042,1,3,0,18,0,0,0,0,4,6,3,1,15,1,5,124,1,7,2,1,,,1,1,1,5,1,0,0,0,0,-1,3,-1
2010460195485,623180,147830,1.192293,51.186040,46,1,2,1,31/12/2010,6,19:05,531,E10000016,3,2,3,70,0,-1,-1,0,0,0,6,1,1,0,0,2,1,E01024042,2,21,1,18,0,0,0,0,0,0,0,1,15,3,-1,-1,-1,-1,-1,-1,,,,,,,,,,,,,,
2010331007582,457470,303360,-1.152432,52.624940,33,3,2,1,31/12/2010,6,19:10,364,E06000016,3,5460,6,30,3,4,6,1632,0,0,4,1,1,0,0,1,2,E01013776,1,9,0,18,0,8,0,0,0,0,4,1,15,1,5,1240,1,3,2,1,NISSAN              ,MICRA TEKNA                ,1,2,1,5,3,0,0,1,0,-1,9,1
2010331007582,457470,303360,-1.152432,52.624940,33,3,2,1,31/12/2010,6,19:10,364,E06000016,3,5460,6,30,3,4,6,1632,0,0,4,1,1,0,0,1,2,E01013776,2,9,0,9,0,6,0,0,0,0,1,1,15,3,-1,1598,1,11,-1,-1,,,,,,,,,,,,,,
2010460195301,637510,170680,1.412160,51.385374,46,3,2,1,31/12/2010,6,19:15,541,E10000016,4,2052,6,30,3,4,6,0,0,0,4,1,1,0,0,1,1,E01024655,1,9,0,9,0,1,0,0,0,0,1,1,15,2,7,1598,1,5,4,1,CHEVROLET           ,TACUMA SX                  ,,,,,,,,,,,,
2010460195301,637510,170680,1.412160,51.385374,46,3,2,1,31/12/2010,6,19:15,541,E10000016,4,2052,6,30,3,4,6,0,0,0,4,1,1,0,0,1,1,E01024655,2,4,0,18,0,1,0,0,0,0,1,1,15,1,4,124,1,6,7,1,SUZUKI              ,EN 125                     ,1,1,1,4,3,0,0,0,0,-1,4,1
2010120222591,398180,460900,-2.029288,54.044070,12,2,2,8,31/12/2010,6,19:17,180,E10000023,4,6265,6,60,0,-1,-1,0,0,0,6,1,2,0,0,2,1,E01027557,1,9,0,13,0,0,0,0,0,0,1,1,15,2,7,2000,1,16,7,3,,,1,1,2,7,3,0,0,0,0,-1,9,3
2010120222591,398180,460900,-2.029288,54.044070,12,2,2,8,31/12/2010,6,19:17,180,E10000023,4,6265,6,60,0,-1,-1,0,0,0,6,1,2,0,0,2,1,E01027557,1,9,0,13,0,0,0,0,0,0,1,1,15,2,7,2000,1,16,7,3,,,2,2,2,7,2,0,0,1,0,-1,9,1
2010120222591,398180,460900,-2.029288,54.044070,12,2,2,8,31/12/2010,6,19:17,180,E10000023,4,6265,6,60,0,-1,-1,0,0,0,6,1,2,0,0,2,1,E01027557,1,9,0,13,0,0,0,0,0,0,1,1,15,2,7,2000,1,16,7,3,,,3,2,1,7,3,0,0,2,0,-1,9,1
2010120222591,398180,460900,-2.029288,54.044070,12,2,2,8,31/12/2010,6,19:17,180,E10000023,4,6265,6,60,0,-1,-1,0,0,0,6,1,2,0,0,2,1,E01027557,1,9,0,13,0,0,0,0,0,0,1,1,15,2,7,2000,1,16,7,3,,,4,2,1,3,2,0,0,2,0,-1,9,1
2010120222591,398180,460900,-2.029288,54.044070,12,2,2,8,31/12/2010,6,19:17,180,E10000023,4,6265,6,60,0,-1,-1,0,0,0,6,1,2,0,0,2,1,E01027557,1,9,0,13,0,0,0,0,0,0,1,1,15,2,7,2000,1,16,7,3,,,5,2,1,2,3,0,0,2,0,-1,9,1
2010120222591,398180,460900,-2.029288,54.044070,12,2,2,8,31/12/2010,6,19:17,180,E10000023,4,6265,6,60,0,-1,-1,0,0,0,6,1,2,0,0,2,1,E01027557,2,9,0,18,0,0,0,0,0,0,1,1,15,1,10,3222,2,8,7,1,MERCEDES            ,S320 CDI AUTO              ,6,1,1,10,3,0,0,0,0,-1,9,1
2010120222591,398180,460900,-2.029288,54.044070,12,2,2,8,31/12/2010,6,19:17,180,E10000023,4,6265,6,60,0,-1,-1,0,0,0,6,1,2,0,0,2,1,E01027557,2,9,0,18,0,0,0,0,0,0,1,1,15,1,10,3222,2,8,7,1,MERCEDES            ,S320 CDI AUTO              ,7,2,1,7,2,0,0,1,0,-1,9,3
2010120222591,398180,460900,-2.029288,54.044070,12,2,2,8,31/12/2010,6,19:17,180,E10000023,4,6265,6,60,0,-1,-1,0,0,0,6,1,2,0,0,2,1,E01027557,2,9,0,18,0,0,0,0,0,0,1,1,15,1,10,3222,2,8,7,1,MERCEDES            ,S320 CDI AUTO              ,8,2,2,7,3,0,0,2,0,-1,9,3
201001CW12808,529720,184870,-0.130574,51.547767,1,3,2,2,31/12/2010,6,19:20,2,E09000007,3,5200,6,30,6,2,3,503,0,5,4,1,2,0,0,1,1,E01000869,1,8,0,18,0,8,0,0,0,0,4,1,1,1,8,-1,-1,-1,1,1,FORD                ,TRANSIT 115 T430 17S RWD   ,1,1,1,8,3,0,0,0,0,-1,8,1
201001CW12808,529720,184870,-0.130574,51.547767,1,3,2,2,31/12/2010,6,19:20,2,E09000007,3,5200,6,30,6,2,3,503,0,5,4,1,2,0,0,1,1,E01000869,1,8,0,18,0,8,0,0,0,0,4,1,1,1,8,-1,-1,-1,1,1,FORD                ,TRANSIT 115 T430 17S RWD   ,2,2,2,6,3,0,0,2,0,-1,8,1
201001CW12808,529720,184870,-0.130574,51.547767,1,3,2,2,31/12/2010,6,19:20,2,E09000007,3,5200,6,30,6,2,3,503,0,5,4,1,2,0,0,1,1,E01000869,2,9,0,5,0,8,0,0,0,0,1,1,15,1,6,1600,1,9,2,1,AUDI                ,A2 FSI SPORT               ,,,,,,,,,,,,
201001EO40807,531690,184720,-0.102235,51.545963,1,3,2,2,31/12/2010,6,19:30,3,E09000019,3,1,1,30,1,2,3,1201,0,5,4,2,2,0,0,1,2,E01002791,1,9,0,8,0,1,0,0,0,0,2,1,15,1,6,1997,2,10,9,1,PEUGEOT             ,206 LX HDI                 ,1,1,1,6,3,0,0,0,0,-1,9,1
201001EO40807,531690,184720,-0.102235,51.545963,1,3,2,2,31/12/2010,6,19:30,3,E09000019,3,1,1,30,1,2,3,1201,0,5,4,2,2,0,0,1,2,E01002791,1,9,0,8,0,1,0,0,0,0,2,1,15,1,6,1997,2,10,9,1,PEUGEOT             ,206 LX HDI                 ,2,2,2,6,3,0,0,1,0,-1,9,-1
201001EO40807,531690,184720,-0.102235,51.545963,1,3,2,2,31/12/2010,6,19:30,3,E09000019,3,1,1,30,1,2,3,1201,0,5,4,2,2,0,0,1,2,E01002791,2,9,0,7,0,1,0,0,0,0,1,1,15,2,-1,1199,1,8,-1,-1,,,,,,,,,,,,,,
201045WA57133,486250,146060,-0.766718,51.207188,45,3,1,1,31/12/2010,6,19:30,517,E10000030,4,3001,6,40,0,-1,-1,0,0,0,6,1,2,0,0,2,1,E01030883,1,9,0,18,0,0,0,0,7,1,1,1,15,2,9,2997,1,4,10,3,MERCEDES            ,CLK280 ELEGANCE AUTO       ,1,1,2,9,3,0,0,0,0,-1,9,3
201032B404010,491850,334900,-0.635827,52.903674,32,3,2,1,31/12/2010,6,19:39,355,E10000019,3,52,6,30,9,4,3,607,0,0,4,1,1,0,0,1,1,E01026318,1,9,0,9,0,5,0,0,0,0,1,1,15,1,5,1590,1,10,10,1,HONDA               ,CIVIC SE                   ,1,2,2,4,3,0,0,1,4,-1,9,1
201032B404010,491850,334900,-0.635827,52.903674,32,3,2,1,31/12/2010,6,19:39,355,E10000019,3,52,6,30,9,4,3,607,0,0,4,1,1,0,0,1,1,E01026318,2,9,0,18,0,6,0,0,0,0,4,1,1,1,6,2184,2,7,4,1,NISSAN              ,PRIMERA SVE TD             ,,,,,,,,,,,,
2010440000547,471340,107780,-0.987645,50.865069,44,3,2,2,31/12/2010,6,19:48,495,E10000014,6,0,6,30,0,-1,-1,0,0,0,4,1,1,0,0,1,2,E01022905,1,9,0,3,0,0,0,0,0,0,3,1,15,1,7,1341,1,13,2,1,HYUNDAI             ,ACCENT ALASKA              ,1,1,1,7,3,0,0,0,0,-1,9,1
2010440000547,471340,107780,-0.987645,50.865069,44,3,2,2,31/12/2010,6,19:48,495,E10000014,6,0,6,30,0,-1,-1,0,0,0,4,1,1,0,0,1,2,E01022905,1,9,0,3,0,0,0,0,0,0,3,1,15,1,7,1341,1,13,2,1,HYUNDAI             ,ACCENT ALASKA              ,2,2,2,5,3,0,0,1,0,-1,9,1
2010440000547,471340,107780,-0.987645,50.865069,44,3,2,2,31/12/2010,6,19:48,495,E10000014,6,0,6,30,0,-1,-1,0,0,0,4,1,1,0,0,1,2,E01022905,2,9,0,1,0,0,0,7,0,0,2,1,15,1,-1,-1,-1,-1,-1,-1,,,,,,,,,,,,,,
2010130002494,424810,421850,-1.625754,53.692506,13,3,2,2,31/12/2010,6,19:50,203,E08000034,3,638,6,30,3,4,3,653,0,0,7,1,1,0,0,1,1,E01011130,1,9,0,18,0,1,0,0,0,0,3,1,1,1,7,1995,2,8,5,1,,,1,1,1,7,3,0,0,0,0,-1,9,1
2010130002494,424810,421850,-1.625754,53.692506,13,3,2,2,31/12/2010,6,19:50,203,E08000034,3,638,6,30,3,4,3,653,0,0,7,1,1,0,0,1,1,E01011130,1,9,0,18,0,1,0,0,0,0,3,1,1,1,7,1995,2,8,5,1,,,2,2,2,7,3,0,0,1,0,-1,9,1
2010130002494,424810,421850,-1.625754,53.692506,13,3,2,2,31/12/2010,6,19:50,203,E08000034,3,638,6,30,3,4,3,653,0,0,7,1,1,0,0,1,1,E01011130,2,9,0,7,0,1,0,0,0,0,1,1,15,1,8,1597,1,13,3,1,,,,,,,,,,,,,,
201001VW40457,528710,168850,-0.150964,51.404026,1,3,2,2,31/12/2010,6,19:58,22,E09000024,5,0,1,30,2,4,5,0,0,0,1,1,1,0,0,1,1,E01003387,1,9,0,9,0,8,0,0,0,0,4,1,15,1,9,1794,1,5,5,1,TOYOTA              ,AVENSIS T3-S SEMI-AUTO     ,1,2,2,10,3,0,0,1,0,-1,9,1
201001VW40457,528710,168850,-0.150964,51.404026,1,3,2,2,31/12/2010,6,19:58,22,E09000024,5,0,1,30,2,4,5,0,0,0,1,1,1,0,0,1,1,E01003387,2,9,0,18,0,8,0,0,0,0,1,1,15,2,5,1796,1,10,4,1,,,2,1,2,5,3,0,0,0,0,-1,9,1
201014C158510,448230,392720,-1.275589,53.429059,14,3,2,1,31/12/2010,6,20:00,213,E08000018,6,0,6,30,3,4,6,0,0,0,4,1,2,0,0,1,2,E01007725,1,9,0,18,0,1,1,0,0,0,1,1,15,1,4,999,1,10,6,1,VOLKSWAGEN          ,POLO E                     ,1,1,1,4,3,0,0,0,0,-1,9,1
201014C158510,448230,392720,-1.275589,53.429059,14,3,2,1,31/12/2010,6,20:00,213,E08000018,6,0,6,30,3,4,6,0,0,0,4,1,2,0,0,1,2,E01007725,2,9,0,9,0,1,0,0,0,0,2,1,15,1,-1,2286,2,34,1,1,LAND ROVER          ,88i - 4 CYL                ,,,,,,,,,,,,
201014K354410,433650,385030,-1.495831,53.361067,14,3,1,1,31/12/2010,6,20:10,215,E08000019,6,0,6,30,0,0,-1,0,0,0,4,2,2,0,0,1,2,E01008052,1,9,0,18,0,0,0,0,0,0,0,1,15,1,8,-1,-1,-1,-1,-1,,,1,1,1,8,3,0,0,0,0,-1,9,-1
201001TA00460,536290,188850,-0.034337,51.581985,1,3,2,1,31/12/2010,6,20:23,13,E09000031,3,1006,6,30,3,4,6,0,0,0,4,1,1,0,0,1,1,E01004392,1,11,0,7,0,8,0,0,0,0,3,1,1,1,5,4250,2,-1,2,1,OPTARE              ,                           ,,,,,,,,,,,,
201001TA00460,536290,188850,-0.034337,51.581985,1,3,2,1,31/12/2010,6,20:23,13,E09000031,3,1006,6,30,3,4,6,0,0,0,4,1,1,0,0,1,1,E01004392,2,1,0,18,0,1,0,0,0,0,1,1,15,1,7,-1,-1,-1,-1,-1,,,1,1,1,7,3,0,0,0,0,-1,1,-1
201001MM71116,531960,179020,-0.100476,51.494676,1,3,2,1,31/12/2010,6,20:25,8,E09000028,3,3,1,30,1,4,3,3,0,0,4,1,1,0,0,1,1,E01003959,1,9,0,13,0,8,0,0,0,0,4,1,15,1,7,1998,1,1,7,1,HONDA               ,CIVIC GT TYPE R I-VTEC     ,,,,,,,,,,,,
201001MM71116,531960,179020,-0.100476,51.494676,1,3,2,1,31/12/2010,6,20:25,8,E09000028,3,3,1,30,1,4,3,3,0,0,4,1,1,0,0,1,1,E01003959,2,1,0,18,0,8,0,0,0,0,3,1,15,1,7,-1,-1,-1,3,1,,,1,1,1,7,3,0,0,0,0,-1,1,1
2010440006188,466500,99710,-1.057873,50.793084,44,3,2,1,31/12/2010,6,20:25,498,E06000044,3,288,6,30,3,4,6,0,0,0,4,1,2,0,0,1,2,E01017095,1,9,0,18,0,1,0,0,0,0,1,1,15,2,8,1108,1,15,6,1,FIAT                ,PUNTO 55 S                 ,1,1,2,8,3,0,0,0,0,-1,9,1
2010440006188,466500,99710,-1.057873,50.793084,44,3,2,1,31/12/2010,6,20:25,498,E06000044,3,288,6,30,3,4,6,0,0,0,4,1,2,0,0,1,2,E01017095,2,9,0,9,0,6,0,0,0,0,3,1,15,2,4,954,1,16,-1,-1,CITROEN             ,AX 10 DEBUT                ,,,,,,,,,,,,
201001SX21356,523350,187650,-0.221419,51.574178,1,3,2,1,31/12/2010,6,20:31,30,E09000003,3,406,3,40,0,-1,-1,0,0,0,4,2,2,0,2,1,1,E01000221,1,9,0,4,0,0,0,0,0,0,2,1,15,2,7,3199,1,10,-1,-1,MERCEDES            ,S320L AUTO                 ,1,1,2,7,3,0,0,0,0,-1,9,-1
201001SX21356,523350,187650,-0.221419,51.574178,1,3,2,1,31/12/2010,6,20:31,30,E09000003,3,406,3,40,0,-1,-1,0,0,0,4,2,2,0,2,1,1,E01000221,2,9,0,4,0,0,0,0,0,0,1,1,15,2,7,-1,-1,-1,6,1,,,,,,,,,,,,,,
201020T500950,415030,286350,-1.780157,52.474847,20,3,2,3,31/12/2010,6,20:34,300,E08000025,6,0,3,30,3,4,6,0,0,0,4,1,1,0,0,1,1,E01009322,1,9,0,18,0,1,0,0,0,0,1,1,15,1,6,1781,1,10,1,1,AUDI                ,A3 1.8T SPORT              ,1,1,1,6,3,0,0,0,0,-1,9,1
201020T500950,415030,286350,-1.780157,52.474847,20,3,2,3,31/12/2010,6,20:34,300,E08000025,6,0,3,30,3,4,6,0,0,0,4,1,1,0,0,1,1,E01009322,2,9,0,18,0,1,1,10,1,10,2,1,15,1,4,1870,2,8,1,1,RENAULT             ,MEGANE DYNAMIQUE DCI 120   ,2,1,1,4,3,0,0,0,0,-1,9,1
201020T500950,415030,286350,-1.780157,52.474847,20,3,2,3,31/12/2010,6,20:34,300,E08000025,6,0,3,30,3,4,6,0,0,0,4,1,1,0,0,1,1,E01009322,2,9,0,18,0,1,1,10,1,10,2,1,15,1,4,1870,2,8,1,1,RENAULT             ,MEGANE DYNAMIQUE DCI 120   ,3,2,1,4,3,0,0,1,0,-1,9,1
2010550D56893,388480,106420,-2.165059,50.857112,55,3,2,1,31/12/2010,6,20:40,642,E10000009,4,3082,6,30,3,4,6,0,0,0,4,1,1,0,0,2,1,E01020438,1,9,0,18,0,1,0,0,0,0,1,1,15,3,-1,2987,2,1,-1,-1,MERCEDES-BENZ       ,E350 BLUEF-CY SPORT CDI A  ,,,,,,,,,,,,
2010550D56893,388480,106420,-2.165059,50.857112,55,3,2,1,31/12/2010,6,20:40,642,E10000009,4,3082,6,30,3,4,6,0,0,0,4,1,1,0,0,2,1,E01020438,2,9,0,9,0,5,0,0,0,0,1,1,15,1,8,1870,2,6,7,3,RENAULT             ,MEGANE PRIVILEGE DCI 120   ,1,1,1,8,3,0,0,0,0,-1,9,3
2010471100029,530570,141560,-0.134205,51.158341,47,3,2,1,31/12/2010,6,20:56,560,E10000032,1,23,7,70,0,-1,-1,0,0,0,6,1,1,0,0,2,1,E01031587,1,9,0,18,0,0,0,0,0,0,3,1,15,2,7,1299,1,9,3,1,FORD                ,KA                         ,,,,,,,,,,,,
2010471100029,530570,141560,-0.134205,51.158341,47,3,2,1,31/12/2010,6,20:56,560,E10000032,1,23,7,70,0,-1,-1,0,0,0,6,1,1,0,0,2,1,E01031587,2,9,0,18,0,0,0,0,1,0,4,1,2,2,6,1796,1,6,4,1,MG                  ,ZS+                        ,1,1,2,6,3,0,0,0,0,-1,9,1
201001YR90113,533150,189290,-0.079462,51.586689,1,3,1,1,31/12/2010,6,21:00,31,E09000014,6,0,6,30,0,-1,-1,0,0,0,4,1,1,0,0,1,2,E01002070,1,9,0,1,0,0,0,0,0,0,4,1,15,1,-1,1984,1,13,-1,-1,,,1,3,2,7,3,6,9,0,0,-1,0,1
201006A040900,384210,397350,-2.239361,53.472633,6,3,1,1,31/12/2010,6,21:00,102,E08000003,3,34,6,30,3,4,6,0,0,0,4,1,1,0,0,1,1,E01005128,1,9,0,18,0,2,0,0,0,0,1,1,15,1,5,1968,2,4,3,1,,,1,3,2,7,3,5,2,0,0,-1,0,1
201037G030719,608250,243280,1.035669,52.048723,37,3,2,1,31/12/2010,6,21:00,410,E10000029,5,730,6,30,0,-1,-1,0,0,0,6,1,2,0,0,2,1,E01029877,1,9,0,18,0,0,0,4,0,0,1,1,15,1,9,973,1,10,3,1,VAUXHALL            ,CORSA CLUB 12V             ,1,1,1,9,3,0,0,0,0,-1,9,1
201037G030719,608250,243280,1.035669,52.048723,37,3,2,1,31/12/2010,6,21:00,410,E10000029,5,730,6,30,0,-1,-1,0,0,0,6,1,2,0,0,2,1,E01029877,2,9,0,2,0,0,0,0,1,10,2,1,15,2,6,1997,2,9,-1,-1,PEUGEOT             ,206 LX HDI                 ,,,,,,,,,,,,
201006P040817,388070,411220,-2.181741,53.597406,6,3,2,1,31/12/2010,6,21:02,106,E08000005,3,664,6,30,3,4,6,0,0,0,4,1,1,0,0,1,1,E01005480,1,9,0,18,0,1,0,0,0,0,1,1,15,1,7,1149,1,12,-1,-1,,,1,2,1,7,3,0,0,1,0,-1,9,-1
201006P040817,388070,411220,-2.181741,53.597406,6,3,2,1,31/12/2010,6,21:02,106,E08000005,3,664,6,30,3,4,6,0,0,0,4,1,1,0,0,1,1,E01005480,2,19,0,9,0,1,0,0,0,0,3,1,1,1,6,2198,2,3,-1,-1,FORD                ,TRANSIT 110 T300M FWD      ,,,,,,,,,,,,
2010130000088,420490,445560,-1.689606,53.905798,13,1,1,1,31/12/2010,6,21:05,204,E08000035,3,659,6,30,0,-1,-1,0,0,0,4,1,2,0,0,1,1,E01011574,1,9,0,18,0,0,1,0,1,1,1,1,15,1,4,973,1,12,9,3,,,1,3,1,4,1,5,3,0,0,-1,0,1
201001QK50809,524260,184320,-0.209470,51.544052,1,3,1,1,31/12/2010,6,21:07,28,E09000005,6,0,6,30,0,-1,-1,0,0,0,4,1,1,0,0,1,1,E01000495,1,9,0,18,0,0,0,0,0,0,1,1,15,1,8,4799,1,4,3,1,,,1,3,2,4,3,5,1,0,0,-1,0,-1
201006F040694,373430,404340,-2.402361,53.535027,6,2,2,1,31/12/2010,6,21:15,107,E08000006,6,0,6,30,0,-1,-1,0,0,0,4,1,1,0,0,1,1,E01005702,1,9,0,18,0,0,0,4,1,10,1,1,15,1,7,1587,1,9,1,1,CITROEN             ,SAXO VTS                   ,1,1,1,7,2,0,0,0,0,-1,9,1
201006F040694,373430,404340,-2.402361,53.535027,6,2,2,1,31/12/2010,6,21:15,107,E08000006,6,0,6,30,0,-1,-1,0,0,0,4,1,1,0,0,1,1,E01005702,2,9,0,2,0,0,0,0,0,0,2,1,15,1,6,1910,2,9,-1,-1,FIAT                ,STILO JTD DYNAMIC          ,,,,,,,,,,,,
201014A210710,456430,401480,-1.150619,53.506979,14,2,3,1,31/12/2010,6,21:15,211,E08000017,3,630,3,40,3,2,5,771,0,5,4,1,2,0,0,1,1,E01007494,1,9,0,18,0,1,0,0,0,0,0,1,1,1,7,2401,1,-1,-1,-1,,,,,,,,,,,,,,
201014A210710,456430,401480,-1.150619,53.506979,14,2,3,1,31/12/2010,6,21:15,211,E08000017,3,630,3,40,3,2,5,771,0,5,4,1,2,0,0,1,1,E01007494,2,9,0,18,0,8,0,10,0,0,1,1,15,1,5,1108,1,14,3,2,FIAT                ,PUNTO 55 S                 ,,,,,,,,,,,,
201014A210710,456430,401480,-1.150619,53.506979,14,2,3,1,31/12/2010,6,21:15,211,E08000017,3,630,3,40,3,2,5,771,0,5,4,1,2,0,0,1,1,E01007494,3,9,0,9,0,8,0,0,0,0,1,1,15,2,8,1399,1,5,3,1,KIA                 ,RIO LX                     ,1,1,2,8,2,0,0,0,0,-1,9,1
201022E100029,349510,224230,-2.735482,51.914258,22,3,2,1,31/12/2010,6,21:20,285,E06000019,3,466,6,30,0,-1,-1,0,0,0,6,1,2,0,0,2,1,E01014059,1,9,0,2,0,0,0,0,0,0,4,1,15,2,9,1388,1,6,-1,-1,,,1,2,2,11,3,0,0,1,0,-1,9,-1
201022E100029,349510,224230,-2.735482,51.914258,22,3,2,1,31/12/2010,6,21:20,285,E06000019,3,466,6,30,0,-1,-1,0,0,0,6,1,2,0,0,2,1,E01014059,2,9,0,14,0,0,0,0,0,0,1,1,15,1,-1,1149,1,14,6,3,RENAULT             ,CLIO RL OASIS 1.2          ,,,,,,,,,,,,
201045WA57262,499710,145080,-0.574368,51.196189,45,3,2,1,31/12/2010,6,21:20,517,E10000030,6,0,6,30,0,-1,-1,0,0,0,6,1,1,0,0,2,1,E01030865,1,9,0,16,0,0,0,0,0,0,1,1,15,1,4,1299,1,10,10,1,,,,,,,,,,,,,,
201045WA57262,499710,145080,-0.574368,51.196189,45,3,2,1,31/12/2010,6,21:20,517,E10000030,6,0,6,30,0,-1,-1,0,0,0,6,1,1,0,0,2,1,E01030865,2,1,0,17,0,0,0,0,0,0,1,1,15,1,5,-1,-1,-1,7,1,,,1,1,1,5,3,0,0,0,0,-1,1,1
20103102D3314,462820,340480,-1.066290,52.958000,31,3,2,1,31/12/2010,6,22:00,343,E10000024,6,0,6,30,3,4,6,0,0,0,7,9,1,0,0,1,2,E01028187,1,9,0,8,0,1,0,0,0,0,2,1,15,1,5,1396,1,8,9,1,,,1,1,1,5,3,0,0,0,0,-1,9,1
20103102D3314,462820,340480,-1.066290,52.958000,31,3,2,1,31/12/2010,6,22:00,343,E10000024,6,0,6,30,3,4,6,0,0,0,7,9,1,0,0,1,2,E01028187,2,9,0,18,0,1,1,0,0,0,1,1,15,1,4,1093,1,28,7,1,VOLKSWAGEN          ,GOLF C FORMEL E            ,,,,,,,,,,,,
201043W236120,471770,173210,-0.968499,51.453280,43,2,1,1,31/12/2010,6,22:24,472,E06000038,3,329,3,30,6,2,6,7201,0,4,4,1,1,0,0,1,1,E01016351,1,9,0,18,0,8,0,0,0,0,1,1,15,1,6,1299,1,12,9,3,FORD                ,KA                         ,1,3,1,7,2,4,1,0,0,-1,0,1
2010440000768,442710,115680,-1.393524,50.938926,44,3,2,1,31/12/2010,6,22:27,500,E06000045,6,0,6,30,3,4,6,0,0,0,4,1,1,0,0,1,1,E01017149,1,19,0,18,0,8,5,0,0,0,3,1,1,1,7,-1,-1,-1,2,1,,,1,1,1,7,3,0,0,0,0,-1,19,1
2010440000768,442710,115680,-1.393524,50.938926,44,3,2,1,31/12/2010,6,22:27,500,E06000045,6,0,6,30,3,4,6,0,0,0,4,1,1,0,0,1,1,E01017149,2,9,0,18,0,8,0,0,3,0,1,1,1,1,7,-1,-1,-1,4,1,FORD                ,FIESTA TDCI                ,,,,,,,,,,,,
2010100836910,424680,564180,-1.615987,54.971652,10,3,1,1,31/12/2010,6,22:30,147,E08000021,4,1307,6,30,0,-1,-1,0,0,0,4,1,1,0,0,1,2,E01008440,1,8,0,18,0,0,0,0,0,0,4,1,1,3,-1,-1,-1,-1,-1,-1,,,1,3,2,6,3,6,9,0,0,-1,0,-1
201032D405910,512710,357040,-0.318097,53.098648,32,3,1,2,31/12/2010,6,22:30,353,E10000019,4,1189,6,60,0,-1,-1,0,0,0,6,8,2,0,0,2,1,E01026210,1,9,0,17,0,0,2,0,1,9,1,1,15,1,4,973,1,13,7,1,,,1,1,1,4,3,0,0,0,0,-1,9,1
201032D405910,512710,357040,-0.318097,53.098648,32,3,1,2,31/12/2010,6,22:30,353,E10000019,4,1189,6,60,0,-1,-1,0,0,0,6,8,2,0,0,2,1,E01026210,1,9,0,17,0,0,2,0,1,9,1,1,15,1,4,973,1,13,7,1,,,2,2,1,4,3,0,0,1,0,-1,9,1
201014K357710,434730,392470,-1.478786,53.427871,14,3,1,1,31/12/2010,6,22:45,215,E08000019,6,0,6,30,0,0,-1,0,0,0,4,1,2,0,0,1,1,E01008121,1,9,0,18,0,0,1,0,7,2,1,1,15,1,5,1598,1,5,-1,-1,VAUXHALL            ,ASTRA ACTIVE               ,1,1,1,5,3,0,0,0,0,-1,9,-1
20103102B3186,468400,383090,-0.974150,53.340285,31,2,1,1,31/12/2010,6,22:50,341,E10000024,3,638,6,60,0,-1,-1,0,0,0,6,8,4,0,0,2,1,E01028036,1,9,0,18,0,0,0,0,7,1,1,1,15,1,8,1598,1,9,2,1,,,1,1,1,8,2,0,0,0,0,-1,9,1
201022C100077,377280,244120,-2.333078,52.094914,22,3,1,1,31/12/2010,6,22:51,273,E10000034,6,0,6,40,3,4,3,449,0,0,6,1,1,0,0,2,1,E01032219,1,9,0,7,0,5,0,0,0,0,1,1,15,1,9,1587,1,8,10,1,,,1,3,2,8,3,9,8,0,0,-1,0,1
2010130000206,427720,436110,-1.580411,53.820529,13,3,1,1,31/12/2010,6,22:59,204,E08000035,4,6157,6,30,3,4,6,0,0,1,4,1,1,0,0,1,1,E01011440,1,9,0,18,0,2,0,0,0,0,1,1,1,1,6,1968,2,3,4,1,SKODA               ,OCTAVIA SCOUT TDI          ,1,3,1,5,3,2,1,0,0,-1,0,1
201006B041591,387080,396520,-2.196088,53.465252,6,3,2,1,31/12/2010,6,23:30,102,E08000003,3,57,3,30,6,2,3,6010,0,5,4,1,2,0,0,1,1,E01005067,1,9,0,18,0,1,0,0,0,0,1,1,15,1,-1,-1,-1,-1,-1,-1,,,,,,,,,,,,,,
201006B041591,387080,396520,-2.196088,53.465252,6,3,2,1,31/12/2010,6,23:30,102,E08000003,3,57,3,30,6,2,3,6010,0,5,4,1,2,0,0,1,1,E01005067,2,9,0,3,0,1,0,0,7,1,2,1,15,1,5,1796,1,4,7,1,MERCEDES            ,C180 SPORT KOMPRESSOR A    ,1,1,1,5,3,0,0,0,0,-1,9,1
2010353000610,523820,271760,-0.184358,52.329931,35,3,1,1,31/12/2010,6,23:30,393,E10000003,6,0,6,30,0,-1,-1,0,0,0,4,9,1,0,0,1,1,E01018151,1,8,0,5,9,0,0,0,0,0,3,1,1,1,9,1753,2,1,9,2,FORD                ,MONDEO EDGE TDCI 100       ,1,3,1,5,3,6,5,0,0,-1,0,1
